id,autor,conteudo,data,reacoes,tem_anexo,menciona_alguem,mentioned_users,reply_to_id,message_length
1493041832190410812,haniel.,parabens <@840008987344371763>,2026-04-12 21:15:12,0,False,True,nouliboli,,30
1493041816138809474,haniel.,parabens <@764574156373098546>,2026-04-12 21:15:08,0,False,True,sandrofilho,,30
1493041800053784696,haniel.,parabens <@1223753273434181722>,2026-04-12 21:15:04,0,False,True,marinawang11,,31
1493041776120958996,wesleydsg,/ban,2026-04-12 21:14:58,0,False,False,,,4
1493041763395440670,haniel.,parabens <@516666578557730849>,2026-04-12 21:14:55,0,False,True,vinilicia,,30
1493041755921318162,wesleydsg,cara ta querendo farmar fama no nosso bot mds,2026-04-12 21:14:53,0,False,False,,,45
1493041734484230278,haniel.,parabens <@511035199816204288>,2026-04-12 21:14:48,0,False,True,zeroplank,,30
1493041726699339858,wesleydsg,po banir,2026-04-12 21:14:47,0,False,False,,,8
1493041693430124585,haniel.,parabens <@1225618468754165846>,2026-04-12 21:14:39,0,False,True,carrocho,,31
1493041679350108361,haniel.,parabens <@395698445924433931>,2026-04-12 21:14:35,0,False,True,daniilago,,30
1493041663952683008,haniel.,parabens <@321437043135873024>,2026-04-12 21:14:32,0,False,True,davijannotti,,30
1493041648165322823,haniel.,parabens <@295011166587977729>,2026-04-12 21:14:28,0,False,True,pdrohd,,30
1493041631895621703,haniel.,parabens <@349347400755707904>,2026-04-12 21:14:24,0,False,True,bolinouli,,30
1493041564484767914,haniel.,meus parabens <@319269827690627072>,2026-04-12 21:14:08,0,False,True,wesleydsg,,35
1493041543164985414,haniel.,meus parabens <@1315102856277266442>,2026-04-12 21:14:03,0,False,True,maiosene,,36
1493041505357533255,wesleydsg,meus parabens <@1315102856277266442>,2026-04-12 21:13:54,0,False,True,maiosene,,36
1493041475599073281,wesleydsg,jao ta gravido?,2026-04-12 21:13:47,0,False,False,,,15
1493041415238717540,bolinouli,🫃,2026-04-12 21:13:32,0,False,False,,,1
1492266981204824204,wesleydsg,Ja vou entrar call jaja,2026-04-10 17:56:13,0,False,False,,,23
1492266955317579868,wesleydsg,<@295011166587977729> <@1225618468754165846>,2026-04-10 17:56:07,0,False,True,"pdrohd,carrocho",,44
1491629936656777306,pdrohd,enquanto agnt tava em call antes de fazer o trabaio,2026-04-08 23:44:50,1,True,False,,,51
1491618617626984538,pdrohd,[IMAGEM: Captura_de_tela_2026-04-09_015926.png],2026-04-08 22:59:51,0,True,False,,,0
1491618459174309898,carrocho,[IMAGEM: image.png],2026-04-08 22:59:13,0,True,False,,,0
1491618079627546675,carrocho,[IMAGEM: image.png],2026-04-08 22:57:43,0,True,False,,,0
1491592038699766001,haniel.,quero sex exatamente assim,2026-04-08 21:14:14,0,False,True,pdrohd,1.4915649620643676e+18,26
1491591505528230070,bolinouli,wesley,2026-04-08 21:12:07,0,True,False,,,6
1491566157604458576,carrocho,alguem acorda o daniel ae kkkkkkkkkkk,2026-04-08 19:31:23,0,False,False,,,37
1491564962064367626,pdrohd,[VIDEO: shitpost_2077_1921800003095527464320P.mp4],2026-04-08 19:26:38,0,True,False,,,0
1491563838561193985,pdrohd,https://tenor.com/view/omega-dodges-ffxiv-omega-ffxiv-dodges-gif-4866007353408768162,2026-04-08 19:22:11,0,False,False,,,84
1491563229204320256,pdrohd,[VIDEO: Unconfirmed_download_https___x.com_Fejokkkk_status_1982037863152685552720P.mp4],2026-04-08 19:19:45,0,True,False,,,0
1491562270214455368,pdrohd,https://tenor.com/view/buzz-lightyear-toy-story-to-infinity-and-beyond-i-love-you-to-infinity-and-beyond-no-sign-of-intelligent-life-gif-5140930768280843620,2026-04-08 19:15:57,0,False,False,,,156
1491562181496541304,wesleydsg,https://tenor.com/view/supakuntgif-gorilla-slide-gif-26379182,2026-04-08 19:15:35,0,False,False,,,61
1488335292338278620,bolinouli,eu deixei ele como adm,2026-03-30 21:33:05,0,False,False,,,22
1488335231697158186,bolinouli,fsjdfhksljdfjkla,2026-03-30 21:32:51,0,False,False,,,16
1488329482673848384,wesleydsg,esquizofrenico falando sozinho,2026-03-30 21:10:00,0,False,False,,,30
1488329455041511577,wesleydsg,o servidor q ele colocou é um q so tem ele,2026-03-30 21:09:53,0,False,False,,,42
1488329416055718120,wesleydsg,ele disse q quer sim,2026-03-30 21:09:44,0,False,False,,,20
1488329399496605736,wesleydsg,caraa,2026-03-30 21:09:40,0,False,True,bolinouli,1.4883287614632755e+18,5
1488328761463275520,bolinouli,ent o daniel n vai ser <@&1314669029369188403> mais,2026-03-30 21:07:08,5,False,False,,,51
1488328716106076241,bolinouli,a,2026-03-30 21:06:57,0,False,False,,,1
1488328707398565959,wesleydsg,ta dboa,2026-03-30 21:06:55,0,False,False,,,7
1488328692651266188,wesleydsg,ja arrumamo outro server ja,2026-03-30 21:06:52,0,False,False,,,27
1488328627266523207,bolinouli,vo pensa,2026-03-30 21:06:36,0,False,False,,,8
1488326752341332172,wesleydsg,so pra gente testar um bot pro trabalho do Vinicius garfus,2026-03-30 20:59:09,0,False,False,,,58
1488326668895518811,wesleydsg,da permissao de admininastro pro Daniel pls,2026-03-30 20:58:49,0,False,False,,,43
1488326604022223112,wesleydsg,<@349347400755707904>,2026-03-30 20:58:34,0,False,True,bolinouli,,21
1487954315829051422,wesleydsg,KKKKKKKKKKKk,2026-03-29 20:19:13,0,False,False,,,12
1487954310414205060,wesleydsg,doq mentir assim ne,2026-03-29 20:19:12,0,False,False,,,19
1487954290604642375,wesleydsg,antes ele falar q n gosta de vc,2026-03-29 20:19:07,0,False,False,,,31
1487954270052421784,wesleydsg,krl,2026-03-29 20:19:02,0,False,False,,,3
1487951928968089671,davijannotti,8 da noite,2026-03-29 20:09:44,0,False,False,,,10
1487949472234213597,daniilago,fui de mimis <@321437043135873024> my bad,2026-03-29 19:59:58,0,False,True,davijannotti,,41
1487919963141443585,daniilago,nice,2026-03-29 18:02:43,0,False,False,,,4
1487919946305503314,carrocho,violino,2026-03-29 18:02:39,0,False,False,,,7
1487919924067172392,daniilago,treinar oq?,2026-03-29 18:02:34,0,False,False,,,11
1487919886654246913,carrocho,vou treinar,2026-03-29 18:02:25,0,False,False,,,11
1487919693728846056,daniilago,where is everybody '-',2026-03-29 18:01:39,0,False,False,,,22
1487919018588504296,wesleydsg,KKKKKKKKKKKKKKKKKKKKKk,2026-03-29 17:58:58,0,False,False,,,22
1487913375366123520,carrocho,[IMAGEM: image.png],2026-03-29 17:36:32,0,True,False,,,0
1487913252292661430,carrocho,[IMAGEM: image.png],2026-03-29 17:36:03,0,True,False,,,0
1487902883579170876,carrocho,<@395698445924433931> volta ae,2026-03-29 16:54:51,0,False,True,daniilago,,30
1487860662867595374,carrocho,$$$,2026-03-29 14:07:05,0,False,False,,,3
1487860631380955166,carrocho,$ $ $,2026-03-29 14:06:57,0,False,False,,,5
1486870421793144844,carrocho,[IMAGEM: image.png],2026-03-26 20:32:13,0,True,False,,,0
1486852915225428198,pdrohd,puts,2026-03-26 19:22:39,0,False,False,,,4
1486851854481752065,bolinouli,D:,2026-03-26 19:18:26,0,False,False,,,2
1486850490393428099,amorsurreal.,to chateado contigo 😡,2026-03-26 19:13:01,0,False,False,,,21
1486849017240359053,bolinouli,hoji tem? <@1225618468754165846> <@1411035179811602532> <@321437043135873024> <@516666578557730849>,2026-03-26 19:07:10,1,False,True,"davijannotti,vinilicia,amorsurreal.,carrocho",,99
1486475599538032791,pdrohd,vc adquiriu ontem,2026-03-25 18:23:20,0,False,False,,,17
1486475583436099746,pdrohd,entendii,2026-03-25 18:23:16,0,False,True,haniel.,1.4864754506069484e+18,8
1486475450606948404,haniel.,veio aqui em casa ontem,2026-03-25 18:22:44,1,False,False,,,23
1486475406520488079,haniel.,o minifelps,2026-03-25 18:22:34,0,False,False,,,11
1486475388757737503,haniel.,lembrando que,2026-03-25 18:22:30,0,False,False,,,13
1486371144834744321,bolinouli,momento das revelações,2026-03-25 11:28:16,0,False,True,haniel.,1.4861699181340262e+18,22
1486199392980434944,pdrohd,é,2026-03-25 00:05:47,0,False,True,haniel.,1.4861699181340262e+18,1
1486169918134026332,haniel.,sou gay guys,2026-03-24 22:08:40,0,False,False,,,12
1485432387231027351,carrocho,<@395698445924433931>,2026-03-22 21:17:59,0,True,True,daniilago,,21
1483276953879576648,bolinouli,[IMAGEM: image.png],2026-03-16 22:33:03,0,True,False,,,0
1483276636009795827,bolinouli,[IMAGEM: image.png],2026-03-16 22:31:47,0,True,False,,,0
1483271825801744405,bolinouli,[IMAGEM: image.png],2026-03-16 22:12:41,0,True,False,,,0
1483271686077026427,carrocho,[IMAGEM: image.png],2026-03-16 22:12:07,0,True,False,,,0
1483262386357145611,daniilago,urgente,2026-03-16 21:35:10,0,False,False,,,7
1483262379151196321,daniilago,<@1225618468754165846> volte,2026-03-16 21:35:08,0,False,True,carrocho,,28
1483260143184515173,carrocho,[IMAGEM: image.png],2026-03-16 21:26:15,0,True,False,,,0
1483244712210075818,carrocho,<@349347400755707904>,2026-03-16 20:24:56,0,False,True,bolinouli,,21
1482903314906611803,bolinouli,"> Makin' my way downtown, walkin' fast
> Faces pass and I'm homebound
> Starin' blankly ahead, just makin' my way
> Makin' a way through the crowd",2026-03-15 21:48:21,0,False,False,,,146
1482902567729234010,wesleydsg,"```
def t_IDENTIFIER(t):
    r'[a-zA-Z_][a-zA-Z0-9_]*'
    if t.value in reserved_words:
        t.type = 'RESERVED_WORD'
    return t
```",2026-03-15 21:45:23,0,False,False,,,138
1482902550796701857,bolinouli,"> a
> a",2026-03-15 21:45:19,0,False,False,,,7
1482902522682278089,bolinouli,`a`,2026-03-15 21:45:12,0,False,False,,,3
1482902458341523670,bolinouli,"```
a
```",2026-03-15 21:44:57,0,False,False,,,9
1482902173565063359,wesleydsg,"def t_IDENTIFIER(t):
    r'[a-zA-Z_][a-zA-Z0-9_]*'
    if t.value in reserved_words:
        t.type = 'RESERVED_WORD'
    return t",2026-03-15 21:43:49,0,False,False,,,130
1482881146923651093,daniilago,https://www.dabeaz.com/ply/ply.html#ply_nn0,2026-03-15 20:20:16,0,False,False,,,43
1482872477188231179,wesleydsg,[IMAGEM: 20260311_164050.jpg],2026-03-15 19:45:49,0,True,False,,,0
1481465197699793169,daniilago,inventario do <@319269827690627072>,2026-03-11 22:33:47,0,False,True,wesleydsg,,35
1481465176728539177,daniilago,[IMAGEM: image.png],2026-03-11 22:33:42,0,True,False,,,0
1480346525912666172,wesleydsg,safe,2026-03-08 20:28:35,0,False,False,,,4
1480337874904944782,haniel.,pois sou novo,2026-03-08 19:54:12,0,False,False,,,13
1480337861852135444,haniel.,padrão ent,2026-03-08 19:54:09,0,False,False,,,10
1480337838502580504,haniel.,os games,2026-03-08 19:54:04,0,False,False,,,8
1480337830646382733,haniel.,vou começar,2026-03-08 19:54:02,0,False,False,,,11
1480337787579531325,haniel.,doido dms,2026-03-08 19:53:51,0,False,False,,,9
1480337775122186390,haniel.,omg,2026-03-08 19:53:48,0,False,False,,,3
1480330964742701098,wesleydsg,ela ta ai no re2 procurando o irmao dela q somio,2026-03-08 19:26:45,0,False,False,,,48
1480330889421389835,wesleydsg,isso isso,2026-03-08 19:26:27,0,False,False,,,9
1480330102934994966,haniel.,omg,2026-03-08 19:23:19,0,False,False,,,3
1480330052511207495,haniel.,redfield,2026-03-08 19:23:07,0,False,False,,,8
1480330044780969985,haniel.,é irmã do cris?,2026-03-08 19:23:05,0,False,False,,,15
1480330029014450239,haniel.,a claire,2026-03-08 19:23:02,0,False,False,,,8
1480330020114272390,haniel.,calma,2026-03-08 19:22:59,0,False,False,,,5
1480329624989728860,haniel.,tendeu,2026-03-08 19:21:25,0,False,False,,,6
1480328942782251111,wesleydsg,mas da Claire tem umas partes bem foda tbm,2026-03-08 19:18:43,0,False,False,,,42
1480328870199558187,wesleydsg,eu recomendo começar de Leon por motivos q Leon,2026-03-08 19:18:25,0,False,False,,,47
1480328728843124768,wesleydsg,pq os 2 tao sempre se esbarrando,2026-03-08 19:17:52,0,False,False,,,32
1480328700359741481,wesleydsg,no RE 2 ia alternar quase toda hora,2026-03-08 19:17:45,0,False,False,,,35
1480328629589115101,wesleydsg,"é o prazo da Jill ficar no hospital, vc joga com ele",2026-03-08 19:17:28,0,False,False,,,52
1480328624950214817,haniel.,pensava que fica alternando o game todo,2026-03-08 19:17:27,0,False,False,,,39
1480328586987573349,haniel.,carai que loucura,2026-03-08 19:17:18,0,False,False,,,17
1480328586152902841,wesleydsg,ela alterna,2026-03-08 19:17:18,0,False,False,,,11
1480328570105499871,wesleydsg,a campanha do Carlos é curtinha se vc passar correndo,2026-03-08 19:17:14,0,False,False,,,53
1480328560886419628,haniel.,ou alterna?,2026-03-08 19:17:12,0,False,False,,,11
1480328551239520306,haniel.,é assim tbm,2026-03-08 19:17:09,0,False,False,,,11
1480328541005549678,haniel.,isso,2026-03-08 19:17:07,0,False,False,,,4
1480328525482299635,wesleydsg,kkkkkkkk,2026-03-08 19:17:03,0,False,False,,,8
1480328519509872742,wesleydsg,Carlao da massa,2026-03-08 19:17:02,0,False,False,,,15
1480328492888625235,wesleydsg,alternando,2026-03-08 19:16:55,0,False,False,,,10
1480328492263674111,haniel.,jill e o mano brasileiro la,2026-03-08 19:16:55,0,False,False,,,27
1480328476429914192,wesleydsg,seria maneiro porem teria muito muito bgl,2026-03-08 19:16:51,0,False,False,,,41
1480328458654712063,haniel.,e o 3?,2026-03-08 19:16:47,0,False,False,,,6
1480328453520756808,haniel.,no que loucura,2026-03-08 19:16:46,0,False,False,,,14
1480328441688621348,haniel.,pdcre,2026-03-08 19:16:43,0,False,False,,,5
1480328407794585701,wesleydsg,ele n alterna n,2026-03-08 19:16:35,0,False,False,,,15
1480328401578361035,haniel.,requiem n,2026-03-08 19:16:34,0,False,False,,,9
1480328357064474675,haniel.,que mudava,2026-03-08 19:16:23,0,False,False,,,10
1480328349455745136,wesleydsg,nnn,2026-03-08 19:16:21,0,False,False,,,3
1480328336604528763,haniel.,tinha tp o requiem,2026-03-08 19:16:18,0,False,False,,,18
1480328330355146762,wesleydsg,ou abertas,2026-03-08 19:16:17,0,False,False,,,10
1480328321987379402,wesleydsg,tipo areas trancadas,2026-03-08 19:16:15,0,False,False,,,20
1480328303683305555,haniel.,que,2026-03-08 19:16:10,0,False,False,,,3
1480328301015728259,haniel.,pensava,2026-03-08 19:16:10,0,False,False,,,7
1480328289913536614,wesleydsg,"e ai algumas coisas tem pra um, e pra outro n",2026-03-08 19:16:07,0,False,False,,,45
1480328253829808331,wesleydsg,ent vc ve 2 perspectivas,2026-03-08 19:15:58,0,False,False,,,24
1480328235307761864,haniel.,QUE,2026-03-08 19:15:54,0,False,False,,,3
1480328221877735505,haniel.,acho que eu lembro,2026-03-08 19:15:51,0,False,False,,,18
1480328198842617926,wesleydsg,vc zera o jogo cada hora com 1 deles,2026-03-08 19:15:45,0,False,False,,,36
1480328197332795492,haniel.,muda metade do jogo ne?,2026-03-08 19:15:45,0,False,False,,,23
1480328181709013258,haniel.,no,2026-03-08 19:15:41,0,False,False,,,2
1480328149916188934,wesleydsg,muda bastante coisa po,2026-03-08 19:15:34,0,False,True,haniel.,1.4803281037618056e+18,22
1480328119444439050,wesleydsg,Leon é muito chad,2026-03-08 19:15:26,0,False,False,,,17
1480328103761805452,haniel.,e isso muda só o inicio do game?,2026-03-08 19:15:23,0,False,False,,,32
1480328080370176063,wesleydsg,cara,2026-03-08 19:15:17,0,False,False,,,4
1480328079418331368,haniel.,tendi,2026-03-08 19:15:17,0,False,False,,,5
1480328070039601312,haniel.,primeiro?,2026-03-08 19:15:15,0,False,False,,,9
1480328062133473401,wesleydsg,mas vc escolhe qual vai pegar primeiro,2026-03-08 19:15:13,0,False,False,,,38
1480328062083268639,haniel.,quem eu vou jogar,2026-03-08 19:15:13,0,False,False,,,17
1480328050926424186,haniel.,mas eu escolho,2026-03-08 19:15:10,0,False,False,,,14
1480328039199146015,haniel.,ata,2026-03-08 19:15:07,0,False,False,,,3
1480328020182040598,wesleydsg,vc ve as 2 perspectiva,2026-03-08 19:15:03,0,False,False,,,22
1480328019640848615,haniel.,UE,2026-03-08 19:15:03,0,False,False,,,2
1480328002700054528,wesleydsg,aham,2026-03-08 19:14:59,0,False,False,,,4
1480327989655765235,haniel.,pensava que era os 2,2026-03-08 19:14:55,0,False,False,,,20
1480327974619316267,haniel.,uai mas tem que escolher qual historia eu jogo?,2026-03-08 19:14:52,0,False,False,,,47
1480327953555656857,wesleydsg,KKKKKKKKKKKKK,2026-03-08 19:14:47,0,False,False,,,13
1480327945565372700,wesleydsg,as skin da lara peituda quadradona,2026-03-08 19:14:45,0,False,False,,,34
1480327943854096544,haniel.,MT FODAKKKKKKKKKKKKKK,2026-03-08 19:14:44,0,False,False,,,21
1480327921225957417,wesleydsg,no tomb raider tem isso tbm,2026-03-08 19:14:39,0,False,False,,,27
1480327898547097773,wesleydsg,mto foda ne,2026-03-08 19:14:34,0,False,False,,,11
1480327889932255397,wesleydsg,SIM,2026-03-08 19:14:32,0,False,False,,,3
1480327885096226816,wesleydsg,KKKKKKKKKKKKKKKKKKKKKKKKKKKK,2026-03-08 19:14:30,0,False,False,,,28
1480327861247148284,haniel.,[IMAGEM: image.png],2026-03-08 19:14:25,0,True,False,,,0
1480327858885759066,haniel.,UOU,2026-03-08 19:14:24,0,False,False,,,3
1480327832747114719,wesleydsg,diga,2026-03-08 19:14:18,0,False,True,haniel.,1.4803277877169357e+18,4
1480327789499650172,wesleydsg,tomei uns 2 ou 3 susto so,2026-03-08 19:14:08,0,False,False,,,25
1480327787716935724,haniel.,man,2026-03-08 19:14:07,0,False,False,,,3
1480327753386557572,wesleydsg,joguei so o comecinho pra testar,2026-03-08 19:13:59,0,False,False,,,32
1480327723934289972,wesleydsg,estou esperando,2026-03-08 19:13:52,0,False,False,,,15
1480327694230224997,wesleydsg,quando q vc ta podendo ver gameplays em,2026-03-08 19:13:45,0,False,True,amorsurreal.,1.4803265222870305e+18,39
1480326588968079402,amorsurreal.,"assisto, claro",2026-03-08 19:09:21,0,False,True,haniel.,1.4803187610799352e+18,14
1480326522287030434,amorsurreal.,niceee,2026-03-08 19:09:06,0,False,True,wesleydsg,1.4803213438273454e+18,6
1480326439298400418,haniel.,slk,2026-03-08 19:08:46,0,False,False,,,3
1480326435389571193,haniel.,foda,2026-03-08 19:08:45,0,False,False,,,4
1480326431975411722,haniel.,mt,2026-03-08 19:08:44,0,False,False,,,2
1480324644333686887,wesleydsg,mas os outros RE ta aqui as contas e provavelmente é so pedir pra ele autorizar tbm,2026-03-08 19:01:38,0,False,False,,,83
1480324551232717003,wesleydsg,"o Requiem eu ja entrei, ent se eu pedir pra entrar dnv é sus maximo se pa",2026-03-08 19:01:16,0,False,False,,,73
1480324398308130887,wesleydsg,na real n sei como ele descobre q n sou eu ne,2026-03-08 19:00:39,0,False,False,,,45
1480324301331890216,wesleydsg,o caba tem q autorizar a entrada na steam,2026-03-08 19:00:16,0,False,False,,,41
1480324261221765151,wesleydsg,da n,2026-03-08 19:00:06,0,False,False,,,4
1480322423802036319,haniel.,passar a conta e eu ter acesso aos resident?,2026-03-08 18:52:48,0,False,False,,,44
1480322377429553364,haniel.,tp,2026-03-08 18:52:37,0,False,False,,,2
1480322372861952051,haniel.,da pra fazer isso?,2026-03-08 18:52:36,0,False,False,,,18
1480322194801295412,haniel.,hehe,2026-03-08 18:51:54,0,False,False,,,4
1480322188921012477,haniel.,passa a conta ai bb,2026-03-08 18:51:52,0,False,False,,,19
1480322135552692274,haniel.,slk,2026-03-08 18:51:40,0,False,False,,,3
1480322131714904268,haniel.,que foda,2026-03-08 18:51:39,0,False,False,,,8
1480322128308863016,haniel.,caralho,2026-03-08 18:51:38,0,False,False,,,7
1480321713932603655,wesleydsg,mas daora dms,2026-03-08 18:49:59,0,False,False,,,13
1480321705405710449,wesleydsg,"msm q meio fodase, uma vez q tem todos pirata",2026-03-08 18:49:57,0,False,False,,,45
1480321647067140187,wesleydsg,e o cara ainda passou 1 conta pra todos os outros RE do 0 até o village,2026-03-08 18:49:43,0,False,False,,,71
1480321533053243527,wesleydsg,"cara, daora q eu comprei por 30 a conta com o RE9 requiem",2026-03-08 18:49:16,0,False,True,haniel.,1.4803194227815875e+18,57
1480321372063531089,wesleydsg,q delicinha,2026-03-08 18:48:38,0,False,False,,,11
1480321357060505610,wesleydsg,slc,2026-03-08 18:48:34,0,False,False,,,3
1480321351632818226,wesleydsg,mdsmdmdmfwm,2026-03-08 18:48:33,0,False,False,,,11
1480321345978896557,wesleydsg,mds,2026-03-08 18:48:31,0,False,False,,,3
1480321343827345509,wesleydsg,"eu subi quase tudo pro medio, tirei um bgl de efeito de luz, q é muito foda porem foi necessario, e to conseguindo compartilhar tela ainda",2026-03-08 18:48:31,0,False,False,,,138
1480321221739679825,wesleydsg,eu startei e o jogo me meteu as config tudo no baixo,2026-03-08 18:48:02,0,False,False,,,52
1480321153032654910,wesleydsg,krl <@395698445924433931>,2026-03-08 18:47:45,0,False,True,daniilago,,25
1480321116022243378,wesleydsg,dmr dmr,2026-03-08 18:47:37,0,False,False,,,7
1480319579606618307,haniel.,talvez eu jogue um pouco pra pegar a games,2026-03-08 18:41:30,0,False,False,,,42
1480319549067886654,haniel.,"vão ver, se der hj falo",2026-03-08 18:41:23,0,False,False,,,23
1480319487050907648,haniel.,estou baixando,2026-03-08 18:41:08,0,False,False,,,14
1480319422781587519,haniel.,gostei,2026-03-08 18:40:53,0,False,False,,,6
1480319232674762913,wesleydsg,eu assistiria,2026-03-08 18:40:08,0,False,True,haniel.,1.4803187610799352e+18,13
1480319143780810834,wesleydsg,na dificuldade base os zumbi ja sao o satanas,2026-03-08 18:39:46,0,False,False,,,45
1480319088193699893,wesleydsg,porem n recomendo jogar no dificil n,2026-03-08 18:39:33,0,False,False,,,36
1480319067356397862,wesleydsg,o re2 rmk é pika,2026-03-08 18:39:28,0,False,False,,,16
1480319036775465102,wesleydsg,slc,2026-03-08 18:39:21,0,False,False,,,3
1480319031012626472,wesleydsg,mto forte,2026-03-08 18:39:19,0,False,False,,,9
1480319022070239312,wesleydsg,CARA,2026-03-08 18:39:17,0,False,False,,,4
1480318801726800074,haniel.,mas játão no requiem,2026-03-08 18:38:25,0,False,False,,,20
1480318761079935148,haniel.,meveriam jogar  re2 remake,2026-03-08 18:38:15,0,False,False,,,26
1480318725235150998,haniel.,meu amigões,2026-03-08 18:38:07,0,False,False,,,11
1480318715365949653,haniel.,ia perguntar se vcs,2026-03-08 18:38:04,0,False,False,,,19
1480318667311939707,haniel.,slk,2026-03-08 18:37:53,0,False,True,wesleydsg,1.4802945584442941e+18,3
1480310392642076762,amorsurreal.,"hoje tem live então, eu espero",2026-03-08 18:05:00,0,False,False,,,30
1480310337793429758,amorsurreal.,"taaaa, legal",2026-03-08 18:04:47,0,False,False,,,12
1480307931592265841,wesleydsg,simsimsim,2026-03-08 17:55:13,0,False,False,,,9
1480307920993517669,wesleydsg,32992359703207943890483,2026-03-08 17:55:11,0,False,False,,,23
1480307912722354337,wesleydsg,KKKKKKKKKKKK,2026-03-08 17:55:09,0,False,False,,,12
1480300646916821163,amorsurreal.,agora que vi a conta kkkk,2026-03-08 17:26:16,0,False,False,,,25
1480300539332792494,amorsurreal.,"oloko, como??",2026-03-08 17:25:51,0,False,False,,,13
1480300046749798480,wesleydsg,ta pago,2026-03-08 17:23:53,0,False,False,,,7
1480300040097628190,wesleydsg,30 conto,2026-03-08 17:23:52,0,False,False,,,8
1480300029385379971,wesleydsg,q foda ata,2026-03-08 17:23:49,0,False,False,,,10
1480298177440518337,amorsurreal.,aí sim,2026-03-08 17:16:28,0,False,False,,,6
1480298154187559123,amorsurreal.,oloooko,2026-03-08 17:16:22,0,False,False,,,7
1480294585774248169,wesleydsg,q ideia genial,2026-03-08 17:02:11,0,False,False,,,14
1480294570406445188,wesleydsg,<@321437043135873024> Deus lhe pague,2026-03-08 17:02:08,0,False,True,davijannotti,,36
1480294558444294257,wesleydsg,[IMAGEM: image.png],2026-03-08 17:02:05,0,True,False,,,0
1480294542954598522,wesleydsg,ja toma,2026-03-08 17:02:01,0,False,False,,,7
1477352521612791858,daniilago,ta em casa wesker?,2026-02-28 14:11:29,0,False,False,,,18
1477352482572337216,wesleydsg,KKKKKKKKK,2026-02-28 14:11:19,0,False,False,,,9
1477352474263421031,wesleydsg,So fui ver agr,2026-02-28 14:11:17,0,False,False,,,14
1477352464037445793,wesleydsg,Pena q eu esqueci q eu perguntei,2026-02-28 14:11:15,0,False,False,,,32
1477352440360861706,wesleydsg,Gostei,2026-02-28 14:11:09,0,False,False,,,6
1477352432618049556,wesleydsg,Oloco,2026-02-28 14:11:07,0,False,False,,,5
1477317596683436204,davijannotti,mas pode ser oq vc quiser meu querido,2026-02-28 11:52:42,0,False,False,,,37
1477317564001554442,davijannotti,overwatch,2026-02-28 11:52:34,0,False,False,,,9
1477317552064692446,davijannotti,muita assistição,2026-02-28 11:52:31,0,False,False,,,16
1477317396216942623,wesleydsg,<@321437043135873024> <@516666578557730849> q q ta tendo de bao ai,2026-02-28 11:51:54,0,False,True,"davijannotti,vinilicia",,66
1475604322552250541,vinilicia,desejei boa noite kkkkkkkkkkkk,2026-02-23 18:24:45,1,False,True,wesleydsg,1.4752783721698468e+18,30
1475527447335141559,elverton,bora,2026-02-23 13:19:17,0,False,True,wesleydsg,1.4741043090075197e+18,4
1475278372169846784,wesleydsg,eu sai com vc falando algo,2026-02-22 20:49:33,0,False,False,,,26
1475278353803251752,wesleydsg,qq vc falou?,2026-02-22 20:49:28,0,False,False,,,12
1475278338888302672,wesleydsg,<@516666578557730849> AAAAAAA,2026-02-22 20:49:25,0,False,True,vinilicia,,29
1474495252134887540,daniilago,<@516666578557730849> come back 1-1,2026-02-20 16:57:42,2,False,True,vinilicia,,35
1474489477127999551,daniilago,vinyyy,2026-02-20 16:34:46,0,False,False,,,6
1474488391335674049,daniilago,[IMAGEM: image.png],2026-02-20 16:30:27,2,True,False,,,0
1474190394043404380,wesleydsg,um pummel party,2026-02-19 20:46:19,0,False,False,,,15
1474190256449523887,wesleydsg,ou n sei q outro jogo tem de bao,2026-02-19 20:45:46,0,False,False,,,32
1474190216171622561,wesleydsg,um repinho,2026-02-19 20:45:36,0,False,False,,,10
1474190188501536890,wesleydsg,mas assim,2026-02-19 20:45:30,0,False,False,,,9
1474190177273385032,wesleydsg,pena q o Daniel é viado e n responde ne,2026-02-19 20:45:27,0,False,False,,,39
1474173500032815265,bolinouli,parece interessante hein,2026-02-19 19:39:11,0,False,False,,,24
1474173477929095343,bolinouli,hmmmmm,2026-02-19 19:39:05,0,False,False,,,6
1474167181662097499,carrocho,😔 👢,2026-02-19 19:14:04,0,False,True,haniel.,1.4741669982075617e+18,3
1474167005224374492,haniel.,broa,2026-02-19 19:13:22,0,False,False,,,4
1474166998207561779,haniel.,uai bota,2026-02-19 19:13:21,0,False,False,,,8
1474106689488687269,pdrohd,!!!!!!,2026-02-19 15:13:42,0,False,True,wesleydsg,1.4741043090075197e+18,6
1474104400417915036,wesleydsg,"tipo, com as 20 unidades de pessoas no server",2026-02-19 15:04:36,0,False,False,,,45
1474104309007519775,wesleydsg,ta podendo ter gameplay de algo antes de acabar as ferias?,2026-02-19 15:04:14,1,False,False,,,58
1474104256792494292,wesleydsg,@everyone eae gajos,2026-02-19 15:04:02,0,False,False,,,19
1473392312481747137,pdrohd,https://tenor.com/view/hatsune-miku-miku-hatsune-miku-angry-not-happy-gif-10473291184535189680,2026-02-17 15:55:01,0,False,False,,,94
1473392171586420917,bolinouli,um absurdo querer fazer alguma coisa,2026-02-17 15:54:28,0,False,False,,,36
1473392149239169024,bolinouli,tem q ser vagabundo nas ferias,2026-02-17 15:54:22,0,False,False,,,30
1473392104419098742,bolinouli,é mano,2026-02-17 15:54:11,0,False,False,,,6
1473391979617456417,pdrohd,eu heim,2026-02-17 15:53:42,0,False,False,,,7
1473391970507292724,pdrohd,vai vagabundear aí,2026-02-17 15:53:40,0,False,False,,,18
1473391944242827467,pdrohd,<@395698445924433931> n tem vergonha na cara n?,2026-02-17 15:53:33,0,False,True,daniilago,,47
1473390202008375307,daniilago,codiguin,2026-02-17 15:46:38,0,False,False,,,8
1473390165379780740,bolinouli,n tenho ideia doq é isso,2026-02-17 15:46:29,0,False,False,,,24
1473390110006448362,daniilago,tava fazendo leetcode,2026-02-17 15:46:16,0,False,False,,,21
1473388898020229322,bolinouli,🤔,2026-02-17 15:41:27,0,True,False,,,1
1473106097182347405,daniilago,fdp,2026-02-16 20:57:42,0,False,False,,,3
1473105993364930651,wesleydsg,parece q vc caiu da call ai mais cedo em,2026-02-16 20:57:17,0,False,False,,,40
1473105969679696037,wesleydsg,noooooooooo daniel,2026-02-16 20:57:12,0,False,False,,,18
1473039754277949572,amorsurreal.,vá a merda,2026-02-16 16:34:05,0,False,False,,,10
1473039721667100774,wesleydsg,寝取られ男ダニエル,2026-02-16 16:33:57,0,False,False,,,9
1473039561616789658,wesleydsg,<@395698445924433931> 娼婦の子,2026-02-16 16:33:19,0,False,True,daniilago,,26
1473039324793667667,wesleydsg,<@395698445924433931> para com esse jogo ai cara,2026-02-16 16:32:22,0,False,True,daniilago,,48
1472663990852259992,wesleydsg,Boto fe,2026-02-15 15:40:56,0,False,True,carrocho,1.4726628007393405e+18,7
1472662855353630801,pdrohd,https://cdn.discordapp.com/attachments/823268256898613269/1417634965977436352/RDT_20250909_1742487139217863474360970.gif,2026-02-15 15:36:25,2,False,False,,,120
1472662800739340433,carrocho,vai nascer ainda,2026-02-15 15:36:12,0,False,False,,,16
1472662787162636398,carrocho,isso isso,2026-02-15 15:36:09,0,False,True,wesleydsg,1.472658854000071e+18,9
1472662731722068038,pdrohd,é a idade da teto,2026-02-15 15:35:55,2,False,True,wesleydsg,1.472658854000071e+18,17
1472658854000070901,wesleydsg,31/31/31 é data de nascimento dela?,2026-02-15 15:20:31,0,False,True,carrocho,1.4717026941325806e+18,35
1471702694132580486,carrocho,https://tenor.com/view/jaelin-magik-marvel-rivals-gif-115751958080559206,2026-02-13 00:01:05,0,False,False,,,72
1471688441451384996,bolinouli,<@1315102856277266442> ce queria jogar isso,2026-02-12 23:04:27,0,False,True,"maiosene,daniilago",1.47168826410376e+18,43
1471688264103759894,daniilago,[ANEXO: Liars.Bar.v0.956-OFME.torrent],2026-02-12 23:03:44,0,True,False,,,0
1470561591748595753,bolinouli,eu acho uma otima call todo mundo largar a materia de sexta viu,2026-02-09 20:26:45,1,False,True,wesleydsg,1.4705219042879777e+18,63
1470522376071417868,carrocho,quer q manda aq tbm?,2026-02-09 17:50:55,2,False,True,wesleydsg,1.470522068536918e+18,20
1470522068536918037,wesleydsg,🥹 👍,2026-02-09 17:49:42,1,False,False,,,3
1470522000454717624,carrocho,ta no grupo do wpp la,2026-02-09 17:49:25,0,False,True,wesleydsg,1.4705218512090565e+18,21
1470521904287977648,wesleydsg,So n vou pegar a materia de sexta,2026-02-09 17:49:02,0,False,False,,,33
1470521879554162719,wesleydsg,Pra eu mudar aqui tbm,2026-02-09 17:48:57,0,False,False,,,21
1470521851209056393,wesleydsg,<@1225618468754165846> <@395698445924433931> me mandem a escala 6x1 de vcs ai do perido q vem,2026-02-09 17:48:50,0,False,True,"daniilago,carrocho",,93
1470167659784962211,pdrohd,muito muito obrigado weslery,2026-02-08 18:21:24,0,False,False,,,28
1470167609155522792,wesleydsg,ficou mto fofo mesu,2026-02-08 18:21:12,0,False,False,,,19
1470167599198375997,pdrohd,brigadaoo brigado,2026-02-08 18:21:10,0,False,True,bolinouli,1.470152230358221e+18,17
1470167534480261328,pdrohd,mucho mucho obrigado,2026-02-08 18:20:54,0,False,True,carrocho,1.4700649317463493e+18,20
1470166838460682293,wesleydsg,pq no 9 ele tem 2 betoneiras em cada braço,2026-02-08 18:18:08,0,False,False,,,42
1470166781363617987,wesleydsg,e vai ser o ultimo jogo q vc deve jogar com o Leon novinho,2026-02-08 18:17:55,0,False,False,,,58
1470166639612792969,wesleydsg,o 4 ta bunitao,2026-02-08 18:17:21,0,False,False,,,14
1470166625021071384,wesleydsg,tem q jogar,2026-02-08 18:17:17,0,False,False,,,11
1470166617601216542,wesleydsg,oooooo,2026-02-08 18:17:16,0,False,True,elverton,1.4701392029927386e+18,6
1470152230358220942,bolinouli,aaaaaaa ficou mt bom,2026-02-08 17:20:05,0,False,True,pdrohd,1.469911517859287e+18,20
1470147747418996990,bolinouli,"eu faço muito isso, sempre que aparece uma coisa nova eu quero fazer mas tem que saber escolher pra conseguir conciliar o tempo e se dedicar direito 😆 não tem como sair fazendo tudo",2026-02-08 17:02:17,0,False,True,elverton,1.4691396756408934e+18,181
1470147181032902697,bolinouli,"pois é, do jeito q ta a IA hj em dia fica meio complicado avaliar a escrita da pessoa pq a maioria não deve estar escrevendo o próprio trabalho",2026-02-08 17:00:01,0,False,True,elverton,1.4691384977585646e+18,143
1470139202992738466,elverton,Vi não hahaha. Vou ter que jogar o antigão pra jogar o novo tb. Comprei o 4 remake e não joguei até hoje. Vou ver se jogo no carnaval.,2026-02-08 16:28:19,0,False,True,wesleydsg,1.469366670412878e+18,134
1470138974856024155,elverton,Parece que foi top mesmo. Bom que curtiu hehe,2026-02-08 16:27:25,0,False,True,pdrohd,1.4693357121668424e+18,45
1470064931746349341,carrocho,bunitao,2026-02-08 11:33:12,0,False,False,,,7
1469911864489283680,pdrohd,https://tenor.com/view/frieren-frieren-magic-frieren-silly-frieren-sleepy-frieren-cold-gif-16261835683908406477,2026-02-08 01:24:58,0,False,False,,,111
1469911622892916902,pdrohd,modelo pro mine que eu fiz,2026-02-08 01:24:00,0,False,False,,,26
1469911517859287082,pdrohd,[IMAGEM: image.png],2026-02-08 01:23:35,2,True,False,,,0
1469366715174617252,wesleydsg,Eu nunca joguei esse,2026-02-06 13:18:44,0,False,False,,,20
1469366670412878059,wesleydsg,"E outra, <@367477860220272651>  vc viu q vao lançar o remake do resident evil code verônica em 2027?",2026-02-06 13:18:33,0,False,True,elverton,,100
1469366495367790622,wesleydsg,Vc sabe muito Elverton,2026-02-06 13:17:52,0,False,False,,,22
1469366434692989175,wesleydsg,Taporra KKKKK,2026-02-06 13:17:37,0,False,True,elverton,1.4691415090509906e+18,13
1469354258649579824,carrocho,mt foda,2026-02-06 12:29:14,0,False,False,,,7
1469336071358779506,pdrohd,[VIDEO: VID-20260206-WA0009.mp4] [VIDEO: 20260205_225831_1.mp4] [VIDEO: 20260205_225357_1.mp4],2026-02-06 11:16:58,0,True,False,,,0
1469335805087580275,pdrohd,loucura,2026-02-06 11:15:54,0,False,False,,,7
1469335712166842412,pdrohd,"nossa, foi bom dms viu",2026-02-06 11:15:32,0,False,True,elverton,1.4691422615384927e+18,22
1469164062356275373,diegovsky,conta com a gente :),2026-02-05 23:53:28,0,False,False,,,20
1469164030647205965,diegovsky,entendo bem como é isso kk,2026-02-05 23:53:20,2,False,True,elverton,1.4691396756408934e+18,26
1469163544510595195,carrocho,conte conosco 🫡,2026-02-05 23:51:24,2,False,True,elverton,1.4691400764947172e+18,15
1469163186577211515,carrocho,"relaxa, ta tudo certo",2026-02-05 23:49:59,0,False,True,elverton,1.4691396756408934e+18,21
1469163016049131614,carrocho,esse ano vamos encher o dom bosco com o pessoal na extensão 😎,2026-02-05 23:49:18,2,False,True,elverton,1.4691392487865713e+18,61
1469142261538492591,elverton,bom show ai! Curto a banda e foi uma pena que eu soube em cima da hora haha,2026-02-05 22:26:50,0,False,True,pdrohd,1.469035366618235e+18,75
1469141509050990694,elverton,"Resident Evil é o melhor jogo. Ano passado virei o 1,2,3,4 do ps1 e 0,1 e 2 remasterizado. To com o 3 e 4 remasterizados na pilha + 7 + o Code Veronica do ps2 (esses eu nunca joguei).",2026-02-05 22:23:51,0,False,True,maiosene,1.4470294670957612e+18,183
1469140661973549392,elverton,😂,2026-02-05 22:20:29,0,False,True,bolinouli,1.469071798703227e+18,1
1469140076494717079,elverton,"Inclusive, esse ano tem ENADE e vai dar um trabalho grande. E pessoal, o curso precisa bastante de vocês para atingirmos nota 5. Acredito que vocês são muito capazes de fazer o nosso curso atingir este objetivo.",2026-02-05 22:18:09,0,False,False,,,211
1469139675640893490,elverton,"o problema é que eu tenho atacado muitas frentes ao mesmo tempo -- e sempre surge algo importante como, por exemplo, a abertura de um curso de ciência de dados. Estou me prometendo parar de me envolver em muitas coisas e focar com mais calma nos projetos que eu gosto haha",2026-02-05 22:16:33,0,False,False,,,272
1469139248786571334,elverton,"se o projeto pegar e tiver bastante gente movimentando até o fim do ano, 330 horas. Inclusive é algo que, pessoal, espero muita pró-atividade de vocês neste quesito. Estou querendo ir atrás da secretaria de cultura para dar suporte no projeto. Chegando as aulas, vamos movimentar o projeto, trazer o pessoal, ir em escola quando der, divulgar no instagram. É um projeto muito bacana de extensão e tenho certeza que será muito útil na cidade.",2026-02-05 22:14:52,0,False,True,carrocho,1.46908103446417e+18,441
1469138497758564525,elverton,"Oi boli. Irei definir quando voltar para SJ na semana que vem. Acho que o esquema do semestre passado não foi legal. Com IA tem sido desafiador avaliar vocês. Honestamente, minha vontade é fazer entrevista com cada um 🙂

Mas um esboço rápido da avaliação: Metodologia Cientifica será escrever um projeto de pesquisa com um orientador e com apresentações intermediárias durante a aula. Estou ainda pensando como avaliar a escrita do projeto.

Compsoc serão discussões em aula. Ao contrário do semestre passado, que só passei o tema da aula e deixei livre a bibliografia, neste semestre irei colocar a bibliografia básica da SBC (https://books-sol.sbc.org.br/index.php/sbc/catalog/category/compsoc)",2026-02-05 22:11:53,0,False,True,bolinouli,1.469078161156342e+18,696
1469088003770290441,pdrohd,<:chade:1336857774470201409>,2026-02-05 18:51:14,0,False,False,,,28
1469087987936530774,pdrohd,eu gosto dessa opção,2026-02-05 18:51:10,0,False,True,bolinouli,1.4690762411718781e+18,20
1469081088432279730,carrocho,pra ver se tenho q correr atras de mais horas de extensão,2026-02-05 18:23:45,0,False,False,,,57
1469081034464170076,carrocho,<@367477860220272651> quantas horas de extensao vai dar a ludoteca? tenho q fazer uns calculos aq kkkkkk,2026-02-05 18:23:32,0,False,True,elverton,,104
1469078161156342015,bolinouli,<@367477860220272651> vc tem uma ideia de como vc vai avaliar as matérias q vc vai dar nesse semestre? a gente ta tentando analisar quais matérias pegar pra dar tempo de fazer tudo legal sem passar tanto sufoco no fim do semestre e eu não achei os planos de ensino desse ano,2026-02-05 18:12:07,1,False,True,elverton,,274
1469076726293200927,carrocho,nem ta taaao tryhard assim,2026-02-05 18:06:25,0,False,False,,,26
1469076259110654176,bolinouli,e tira uma dessas materias?,2026-02-05 18:04:34,0,False,False,,,27
1469076241171878049,bolinouli,sera q a gnt vai c a opção nao tryhardar,2026-02-05 18:04:30,0,False,False,,,40
1469075819103129814,bolinouli,e esquecendo q ainda falta 50 eletivas,2026-02-05 18:02:49,0,False,False,,,38
1469075769991893093,bolinouli,vendo q so vai faltar 2 materias obrigatorias,2026-02-05 18:02:37,0,False,False,,,45
1469075739545440326,bolinouli,nos olhando o bgl la,2026-02-05 18:02:30,0,False,False,,,20
1469075711007527105,carrocho,pra mim,2026-02-05 18:02:23,0,False,False,,,7
1469075708394606632,bolinouli,ent,2026-02-05 18:02:22,0,False,False,,,3
1469075697153609962,carrocho,falta mt ainda ent,2026-02-05 18:02:20,0,False,False,,,18
1469075683782430873,carrocho,no,2026-02-05 18:02:17,0,False,False,,,2
1469075677440380940,carrocho,boto fé,2026-02-05 18:02:15,0,False,False,,,7
1469075646742528232,bolinouli,ou o dobro se vc pegar de 30h,2026-02-05 18:02:08,0,False,False,,,29
1469075563955093679,bolinouli,e 6 optativas de 60h,2026-02-05 18:01:48,0,False,False,,,20
1469075496783319216,bolinouli,aparentemente 4 eletivas de 60h,2026-02-05 18:01:32,0,False,False,,,31
1469075444115702036,bolinouli,https://fluxogramas-interativos-ufsj.vercel.app/CCOMP-2023,2026-02-05 18:01:19,0,False,False,,1.4690752466729085e+18,58
1469075382207778886,bolinouli,eu queria pegar a materia do leo rocha mas vai ser melhor pegar ihc todo mundo junto,2026-02-05 18:01:05,0,False,False,,,84
1469075312376676667,bolinouli,pse eu pensei nisso tb,2026-02-05 18:00:48,0,False,True,carrocho,1.469075022151811e+18,22
1469075246672908420,bolinouli,o eu fui procurar e esqueci,2026-02-05 18:00:32,0,False,False,,,27
1469075172379066573,carrocho,<@349347400755707904>,2026-02-05 18:00:15,0,False,True,bolinouli,1.4690740655276728e+18,21
1469075022151811129,carrocho,"pq tem bastante gente pegando ihc, é bom aproveitar",2026-02-05 17:59:39,0,False,False,,,51
1469074966212251740,carrocho,acho q n nesse periodo,2026-02-05 17:59:26,0,False,False,,,22
1469074896679342254,bolinouli,ces tao pensando em pegar web?,2026-02-05 17:59:09,0,False,False,,,30
1469074508529926348,carrocho,e no desenvolvimento de software né,2026-02-05 17:57:36,0,False,False,,,35
1469074394281283676,carrocho,talvez no desenvolvimento web,2026-02-05 17:57:09,0,False,False,,,29
1469074162046865519,bolinouli,sera q da p usar o msm trabalho p 2 coisas em algum lugar ai?,2026-02-05 17:56:14,0,False,False,,,61
1469074090080993505,bolinouli,to pensando um bgl aq,2026-02-05 17:55:57,0,False,False,,,21
1469074065527672896,carrocho,vc lembra quantas horas de eletiva/optativa sao?,2026-02-05 17:55:51,0,False,False,,,48
1469073714216960010,carrocho,interessante,2026-02-05 17:54:27,0,False,False,,,12
1469073304185868524,bolinouli,fica 7 materias porem 3 delas sao de menos horas,2026-02-05 17:52:49,0,False,False,,,48
1469073113248694344,bolinouli,isso + musica,2026-02-05 17:52:04,0,False,False,,,13
1469072865432174676,bolinouli,isso é uma opção,2026-02-05 17:51:05,0,True,False,,,16
1469072739972157482,carrocho,essa ae ja vou pegar,2026-02-05 17:50:35,0,False,True,bolinouli,1.4690721335347814e+18,20
1469072596023644321,bolinouli,a gnt tb tem a opção de pegar as 2 materias do elverton e n pegar nenhuma das do flavio,2026-02-05 17:50:00,0,False,False,,,87
1469072133534781483,bolinouli,oficina de desenvolvimento de software deve ser parecido com oq a gnt fez c o cirilo,2026-02-05 17:48:10,0,True,False,,,84
1469071887425605632,carrocho,legaaal,2026-02-05 17:47:11,0,False,False,,,7
1469071820777849198,bolinouli,https://cdn.discordapp.com/attachments/1438671466865365033/1440540466671259821/1cd3f970-849e-4af8-ad60-7ef3bbe80f2f.webp,2026-02-05 17:46:56,0,False,False,,,120
1469071798703226941,bolinouli,computadores e sociedade é aql materia q o pessoal brinca de desenhar na cartolina parece divertido,2026-02-05 17:46:50,0,True,False,,,99
1469069986461913130,carrocho,https://media.tenor.com/Cy57g0EkrScAAAAM/macaco-maquiado.gif,2026-02-05 17:39:38,0,False,False,,,60
1469069858384777441,bolinouli,https://cdn.discordapp.com/attachments/714209129664872483/1347653004014125118/1cb6ddde-5bfd-431f-84dd-23990fa987de.webp,2026-02-05 17:39:08,0,False,False,,,119
1469069822837915810,bolinouli,a gnt tem q ter o sabado livre p ludoteca,2026-02-05 17:38:59,0,False,False,,,41
1469069729971966103,bolinouli,vdd,2026-02-05 17:38:37,0,False,False,,,3
1469069720022945934,carrocho,IC dependendo,2026-02-05 17:38:35,0,False,False,,,13
1469069698095382618,carrocho,tem extensao tbm,2026-02-05 17:38:30,0,False,False,,,16
1469069625240326361,bolinouli,quando o grupo é a gnt fica fácil pq todo mundo faz as msms aulas praticamente,2026-02-05 17:38:12,0,False,False,,,78
1469069519036223654,bolinouli,e como vai ser grupos diferentes toda vez talvez fique mais dificil de conciliar os horarios,2026-02-05 17:37:47,0,False,False,,,92
1469069400132030688,bolinouli,ihc pelo q o lucas tava falando tem q gravar video tb,2026-02-05 17:37:18,0,False,False,,,53
1469068952821825718,carrocho,poise poise,2026-02-05 17:35:32,0,False,False,,,11
1469068903484358716,bolinouli,e dps ficar peidando no fim do semestre p csg terminar a tempo,2026-02-05 17:35:20,0,False,False,,,62
1469068832860536865,bolinouli,pq n adianta a gnt pegar todas e dps n conseguir fazer trabalho bonito :c,2026-02-05 17:35:03,0,False,False,,,73
1469068552630833163,carrocho,tbm tem isso,2026-02-05 17:33:56,0,False,True,bolinouli,1.4690685190052252e+18,12
1469068534587068569,bolinouli,sim,2026-02-05 17:33:52,0,False,False,,,3
1469068520099676324,carrocho,uma segunda e outra quarta,2026-02-05 17:33:49,0,False,False,,,26
1469068519005225227,bolinouli,pq ihc pelo menos parece q vai ter mt coisa p fazer,2026-02-05 17:33:48,0,False,False,,,51
1469068498755125358,carrocho,"é ent, pq sao 2 materias",2026-02-05 17:33:44,0,False,False,,,24
1469068393314390086,bolinouli,tem q pensar direito se a gnt vai conseguir organizar o tempo p fazer todas bonitinho,2026-02-05 17:33:18,0,False,False,,,85
1469068240587325544,bolinouli,se for assim acho q vai ficar com muito trabalho e muita coisa p escrever,2026-02-05 17:32:42,0,False,False,,,73
1469068157934243871,bolinouli,só q ai eu lembrei,2026-02-05 17:32:22,0,False,False,,,18
1469068099088023552,bolinouli,as materias com o elverton parecem uma boa,2026-02-05 17:32:08,0,False,False,,,42
1469068050220323070,bolinouli,hmmmmm,2026-02-05 17:31:57,0,False,True,carrocho,1.4690679347722322e+18,6
1469067949477466334,carrocho,no lugar de flavio,2026-02-05 17:31:33,0,False,False,,,18
1469067934772232273,carrocho,<@319269827690627072> <@349347400755707904> <@395698445924433931> daria pra pegar introdução a criptografia com o charles tbm,2026-02-05 17:31:29,0,False,True,"wesleydsg,bolinouli,daniilago",,125
1469061593286312078,bolinouli,eu tava pensando nesse redes sociais ai,2026-02-05 17:06:17,0,False,True,wesleydsg,1.46904055461564e+18,39
1469061394082304060,bolinouli,vaos os 3 juntos q fofo,2026-02-05 17:05:30,0,False,False,,,23
1469061308388474931,bolinouli,piano q op,2026-02-05 17:05:09,0,False,True,carrocho,1.4690417260426734e+18,10
1469047692893356105,wesleydsg,ai fica diferente,2026-02-05 16:11:03,0,False,False,,,17
1469047673435722005,wesleydsg,é pq a gente botou piano,2026-02-05 16:10:58,0,False,False,,,24
1469044739184791846,pdrohd,o horario ficou bonito heim,2026-02-05 15:59:19,0,False,False,,,27
1469044521449816074,wesleydsg,<@395698445924433931>,2026-02-05 15:58:27,0,False,True,daniilago,1.4690416161267428e+18,21
1469044474058641665,wesleydsg,fica assim,2026-02-05 15:58:16,0,False,False,,,10
1469044459491823750,wesleydsg,[IMAGEM: image.png],2026-02-05 15:58:12,0,True,False,,,0
1469044384228966410,wesleydsg,[IMAGEM: image.png],2026-02-05 15:57:54,0,True,False,,,0
1469044222127509779,wesleydsg,perae,2026-02-05 15:57:16,0,False,False,,,5
1469044155060719849,pdrohd,preguiça de ficar mexendo naquela interface feia pelo celular,2026-02-05 15:57:00,0,False,False,,,61
1469044130704261346,wesleydsg,ahaam aham,2026-02-05 15:56:54,0,False,False,,,10
1469044090904510695,pdrohd,pq estou bem longe do meu note,2026-02-05 15:56:44,0,False,False,,,30
1469044052715376913,pdrohd,tava esperando vcs decidirem,2026-02-05 15:56:35,0,False,False,,,28
1469044010298376313,pdrohd,eu ainda nem abri o coiso,2026-02-05 15:56:25,0,False,False,,,25
1469043978551955476,pdrohd,como fica essa grade?,2026-02-05 15:56:18,0,False,True,wesleydsg,1.46904055461564e+18,21
1469043740415889629,pdrohd,https://tenor.com/view/teto-kasane-teto-kasane-utau-vocaloid-gif-1752502460421375370,2026-02-05 15:55:21,0,False,False,,,84
1469043710393192716,wesleydsg,dps vc olha ali,2026-02-05 15:55:14,0,False,False,,,15
1469043699005526171,wesleydsg,ememem,2026-02-05 15:55:11,0,False,False,,,6
1469043656479604892,pdrohd,vagabunda,2026-02-05 15:55:01,0,False,False,,,9
1469043655451873402,wesleydsg,KKKKKKKKKKK,2026-02-05 15:55:00,0,False,False,,,11
1469043638246838508,pdrohd,vagabunda,2026-02-05 15:54:56,0,False,False,,,9
1469043630185644073,pdrohd,eu vi tudo,2026-02-05 15:54:54,0,False,False,,,10
1469043604931477647,wesleydsg,vc n viu nd,2026-02-05 15:54:48,0,False,False,,,11
1469043584333254900,wesleydsg,shhhhhhhhhhhh,2026-02-05 15:54:44,0,False,False,,,13
1469043578251644978,daniilago,cara bobao,2026-02-05 15:54:42,0,False,False,,,10
1469043576548757741,wesleydsg,KKKKKKKKKKKK,2026-02-05 15:54:42,0,False,False,,,12
1469043565719064576,daniilago,mentira,2026-02-05 15:54:39,0,False,False,,,7
1469043543363293437,pdrohd,?????,2026-02-05 15:54:34,0,False,False,,,5
1469043486241325148,wesleydsg,<@295011166587977729> <@349347400755707904> o que acham <3,2026-02-05 15:54:20,0,False,True,"bolinouli,pdrohd",1.46904055461564e+18,58
1469041726042673455,carrocho,[IMAGEM: image.png],2026-02-05 15:47:20,0,True,False,,,0
1469041616126742753,wesleydsg,| oficina na sexta por 2 horarios é coisa de viado |,2026-02-05 15:46:54,0,False,False,,,52
1469041224894775448,daniilago,[IMAGEM: image.png],2026-02-05 15:45:21,0,True,False,,,0
1469040563365089436,wesleydsg,go drinking,2026-02-05 15:42:43,0,False,False,,,11
1469040554615640138,wesleydsg,[IMAGEM: image.png],2026-02-05 15:42:41,0,True,False,,,0
1469037958257709327,haniel.,[IMAGEM: image.png],2026-02-05 15:32:22,0,True,False,,,0
1469036159853400064,pdrohd,https://tenor.com/view/sleep-sleeping-sleepy-cat-cat-cute-gif-5647373625706459185,2026-02-05 15:25:13,0,False,False,,,81
1469036124528840716,wesleydsg,boto fe,2026-02-05 15:25:05,0,False,False,,,7
1469036113883697405,pdrohd,vou ficar no ar condicionado aqui,2026-02-05 15:25:02,0,False,False,,,33
1469036093155442895,pdrohd,"o portão abre as 16, vou ir só as 17",2026-02-05 15:24:57,0,False,False,,,36
1469036053225537627,pdrohd,"mas n to na fila agr n, só passei la pra rir um pouco",2026-02-05 15:24:48,0,False,False,,,53
1469036015267352785,wesleydsg,https://tenor.com/view/patrick-spongebob-spongebob-meme-patrick-meme-dumb-patrick-gif-9974665538168463324,2026-02-05 15:24:39,0,False,False,,,105
1469035956316410054,pdrohd,N tava a fim de ir na fila do bk pra tirar foto,2026-02-05 15:24:25,0,False,False,,,47
1469035804599779360,wesleydsg,kd foto dela,2026-02-05 15:23:49,0,False,False,,,12
1469035784081510517,pdrohd,mto op,2026-02-05 15:23:44,0,False,False,,,6
1469035774740529274,pdrohd,KKKKK,2026-02-05 15:23:42,0,False,False,,,5
1469035767283060939,pdrohd,vi uma hatsune miku death parade,2026-02-05 15:23:40,0,False,False,,,32
1469035524915462245,pdrohd,https://tenor.com/view/teto-kasane-freaky-kasane-teto-punch-3d-gif-17782187822996113075,2026-02-05 15:22:42,0,False,False,,,87
1469035487854465135,haniel.,foda demais,2026-02-05 15:22:33,0,False,False,,,11
1469035479809916988,haniel.,foda dms cara,2026-02-05 15:22:31,0,False,False,,,13
1469035474873090333,pdrohd,fila do michael mcromance,2026-02-05 15:22:30,0,False,False,,,25
1469035473933570234,haniel.,caralho,2026-02-05 15:22:30,0,False,True,pdrohd,1.469035366618235e+18,7
1469035418572820562,wesleydsg,cracolandia isso ai?,2026-02-05 15:22:17,0,False,False,,,20
1469035402189996198,wesleydsg,krl,2026-02-05 15:22:13,0,False,False,,,3
1469035366618234950,pdrohd,[VIDEO: VID-20260205-WA0013_1.mp4],2026-02-05 15:22:04,0,True,False,,,0
1469035230898946283,wesleydsg,miligo,2026-02-05 15:21:32,0,False,False,,,6
1469035207322501130,pdrohd,se liga,2026-02-05 15:21:26,0,False,False,,,7
1469035181695303834,pdrohd,oi,2026-02-05 15:21:20,0,False,False,,,2
1469035164310044868,pdrohd,https://tenor.com/view/cat-missile-gif-6310357323967362250,2026-02-05 15:21:16,3,False,False,,,58
1469035064267505716,wesleydsg,[IMAGEM: image.png],2026-02-05 15:20:52,0,True,False,,,0
1469035029752451258,haniel.,ta liquidado,2026-02-05 15:20:44,0,False,True,wesleydsg,1.4690350023764872e+18,12
1469035023566110785,wesleydsg,KKKKKKKKKKKKkk,2026-02-05 15:20:42,0,False,False,,,14
1469035008709890189,haniel.,naso sofri lavagem,2026-02-05 15:20:39,0,False,True,wesleydsg,1.4690349638350318e+18,18
1469035002376487105,wesleydsg,nem funciona cerebro dele mais n,2026-02-05 15:20:37,0,False,False,,,32
1469034963835031755,wesleydsg,"Lucas Daniel ta dizendo pra fazer IHC logo, mas acho q ele sofreu lavagem cerebral",2026-02-05 15:20:28,0,False,False,,,82
1469034847006887967,wesleydsg,"mineração de dados, tec web ou IHC?",2026-02-05 15:20:00,0,False,False,,,35
1469034475718705425,wesleydsg,@everyone  qual dessas 3 ai em,2026-02-05 15:18:32,0,True,False,,,30
1467710254451261655,carrocho,[IMAGEM: image.png],2026-02-01 23:36:33,0,True,False,,,0
1467685827453915311,carrocho,<@1411035179811602532> <@395698445924433931>,2026-02-01 21:59:29,0,False,True,"daniilago,amorsurreal.",,44
1467680568673173514,davijannotti,boa,2026-02-01 21:38:35,0,False,False,,,3
1467680564571275518,davijannotti,entra ai,2026-02-01 21:38:34,0,False,False,,,8
1467680555201204403,carrocho,10 min eu entro,2026-02-01 21:38:32,0,False,False,,,15
1467680540932051108,carrocho,hj eu sou,2026-02-01 21:38:29,0,False,False,,,9
1467680487404343429,davijannotti,<@1225618468754165846> hj vc é parceiro?,2026-02-01 21:38:16,0,False,True,carrocho,,40
1467334833247223990,amorsurreal.,I'm gay,2026-01-31 22:44:46,2,False,False,,,7
1467334450437161194,carrocho,amanha a gente joga,2026-01-31 22:43:14,0,False,False,,,19
1467334437938401300,carrocho,vou passar dessa vez,2026-01-31 22:43:11,0,False,False,,,20
1467334142927700130,davijannotti,só eu e tu carrocho,2026-01-31 22:42:01,0,False,False,,,19
1467334127589265491,davijannotti,vagabundo n quer voltar,2026-01-31 22:41:57,0,False,False,,,23
1467333440054497382,carrocho,<@395698445924433931>,2026-01-31 22:39:13,0,False,True,daniilago,,21
1467333428486733894,carrocho,se o daniel voltar eu volto,2026-01-31 22:39:11,0,False,False,,,27
1467333398275293479,davijannotti,ta cedo,2026-01-31 22:39:03,0,False,False,,,7
1467333394655613019,davijannotti,obriga o daniel a voltar,2026-01-31 22:39:03,0,False,False,,,24
1467333359888765090,davijannotti,dps volta?,2026-01-31 22:38:54,0,False,False,,,10
1467332522466869330,carrocho,to jantando,2026-01-31 22:35:35,0,False,False,,,11
1467332483593801748,davijannotti,pls,2026-01-31 22:35:25,0,False,False,,,3
1467332474798477428,davijannotti,voltem,2026-01-31 22:35:23,0,False,False,,,6
1467332463557738721,davijannotti,kkkkkkkkkkkkkkkkk,2026-01-31 22:35:21,0,False,False,,,17
1467332404342559026,carrocho,<@395698445924433931> <@516666578557730849> <@321437043135873024> tava na hora de sair msm 😨,2026-01-31 22:35:06,0,True,True,"davijannotti,vinilicia,daniilago",,92
1466567211736109282,daniilago,BowedShoot#E753,2026-01-29 19:54:30,1,False,False,,,15
1465779107961766139,wesleydsg,[IMAGEM: image.png],2026-01-27 15:42:52,0,True,False,,,0
1465732294588240227,bolinouli,https://tenor.com/view/davy-jones-gameplayrj-dark-souls-gif-8913324862818923644,2026-01-27 12:36:51,0,False,False,,,79
1465409684050546893,davijannotti,[IMAGEM: image.png],2026-01-26 15:14:54,0,True,False,,,0
1449196388368912554,pdrohd,ixi,2025-12-12 21:29:03,1,False,True,bolinouli,1.449186094255047e+18,3
1449186094255046787,bolinouli,https://www.youtube.com/shorts/6dYSuzkI9iE,2025-12-12 20:48:09,0,False,False,,,42
1449186092468408420,bolinouli,eu vi foi isso aq,2025-12-12 20:48:09,0,False,True,pdrohd,1.4491310952360223e+18,17
1449131450518732821,pdrohd,https://tenor.com/view/ironmouse-vshojo-ironmouse-dancing-ironmouse-dance-ironmouse-lethal-company-gif-16581676177344147622,2025-12-12 17:11:01,0,False,False,,,123
1449131250693570570,pdrohd,KKKKKKKKK,2025-12-12 17:10:13,0,False,False,,,9
1449131241910829107,pdrohd,ft. ironmouse ainda,2025-12-12 17:10:11,0,False,False,,,19
1449131100810252441,pdrohd,KKKKKKKKKKKKKKKKKKKKK,2025-12-12 17:09:37,0,False,False,,,21
1449131095236022297,pdrohd,????????????,2025-12-12 17:09:36,0,True,False,,,12
1449064185559257239,haniel.,bom dia,2025-12-12 12:43:44,0,False,False,,,7
1449064164600578069,haniel.,KKKKKKKKKKKKKKKKKKKKKK,2025-12-12 12:43:39,0,False,False,,,22
1448908026609275061,jose_ze,Boa noite,2025-12-12 02:23:12,0,False,False,,,9
1448907905075118081,bolinouli,boa noite <@434422272753664010>,2025-12-12 02:22:43,0,False,True,haniel.,,31
1448889517061836871,haniel.,cai,2025-12-12 01:09:39,0,False,False,,,3
1448889513635086407,carrocho,boa noite <@434422272753664010>,2025-12-12 01:09:39,0,False,True,haniel.,,31
1448889508123643994,haniel.,boa noite,2025-12-12 01:09:37,0,False,False,,,9
1448889452549243011,daniilago,boa noite <@434422272753664010>,2025-12-12 01:09:24,0,False,True,haniel.,,31
1448852929703317637,bolinouli,<@319269827690627072> tao falando do rezidentivol aq,2025-12-11 22:44:16,0,False,True,wesleydsg,,52
1448848278530556108,bolinouli,larian mano 😄,2025-12-11 22:25:47,1,False,False,,,13
1448848253087912049,bolinouli,https://tenor.com/view/the-rock-ohh-gif-13319726218162549947,2025-12-11 22:25:41,1,False,False,,,60
1448847549451468876,amorsurreal.,tô fazendo os dois kkkk,2025-12-11 22:22:54,0,False,False,,,23
1448846910348722357,bolinouli,<@395698445924433931> ces tao vendo o game awards ou so jogando lol?,2025-12-11 22:20:21,0,False,True,daniilago,,68
1447764119599059009,wesleydsg,aram agr tem cartinha de skill,2025-12-08 22:37:44,0,False,False,,,30
1447764088217407670,wesleydsg,KKKKKKk,2025-12-08 22:37:36,0,False,False,,,7
1447633668951769089,bolinouli,pq o boneco tem 6 flashs?,2025-12-08 13:59:22,0,False,False,,,25
1447633608977416345,bolinouli,como asism,2025-12-08 13:59:08,0,False,False,,,10
1447633599514808543,bolinouli,https://tenor.com/view/dogscary91-gif-15480682672278252784,2025-12-08 13:59:05,0,False,False,,,58
1447633573954719939,bolinouli,5 flash,2025-12-08 13:58:59,0,False,False,,,7
1447469496217501727,wesleydsg,KKKKKKK,2025-12-08 03:07:00,0,False,False,,,7
1447469472653901834,wesleydsg,Eu to chorando de rir aqui pqp,2025-12-08 03:06:54,0,False,False,,,30
1447469455025111064,wesleydsg,"Falando em lol, vc q ta a mto tempo sem jogar, analisa essa play aqui pra mim pls",2025-12-08 03:06:50,1,True,True,bolinouli,1.4470979060197007e+18,81
1447097906019700807,bolinouli,melhor isso q o lol,2025-12-07 02:30:26,0,False,True,maiosene,1.4470294670957612e+18,19
1447030829703368794,wesleydsg,vilajo,2025-12-06 22:03:54,0,False,False,,,6
1447030819389444188,wesleydsg,tem q pegar as conquistas td do resident evil,2025-12-06 22:03:51,0,False,False,,,45
1447030784715128893,wesleydsg,filhao,2025-12-06 22:03:43,0,False,False,,,6
1447029467095761088,maiosene,"<@319269827690627072> só fica nesse resident evil esse menino, vê se pode isso",2025-12-06 21:58:29,1,False,True,wesleydsg,,78
1446320550158008433,elverton,O meu era padrão mesmo mas tinha uns perfis muito legais,2025-12-04 23:01:30,0,False,False,,,56
1446319220429295833,bolinouli,"lembro q eu personalizei ele todo, deixei tudo rosa",2025-12-04 22:56:13,0,False,False,,,51
1446319165408542720,bolinouli,mas eu ficava explorando o orkut da minha mãe,2025-12-04 22:56:00,1,False,False,,,45
1446319085590937761,bolinouli,"Eu n conhecia quase nenhum jogo, na época eu nem sabia ler direito, eu comecei a usar computador muito antes do q deveria",2025-12-04 22:55:41,0,False,False,,,121
1446318789196255405,elverton,O foda é ver que nem faz tanto tempo da geração de vocês -- uma década de diferença só haha,2025-12-04 22:54:30,0,False,False,,,91
1446318452422738083,elverton,O jogo point da galera era Tribal Wars. Hoje teria paciência 0 de jogar mas mobilizava altas táticas com uns amigos.,2025-12-04 22:53:10,0,False,False,,,116
1446318091951935528,elverton,Usei até o primeiro ano da minha graduação. Depois o negócio morreu pro facebook,2025-12-04 22:51:44,0,False,False,,,80
1446317749352661223,elverton,"Era top. Era bacana receber depoimentos começando com ""Apague após ler ..."".",2025-12-04 22:50:22,0,False,True,bolinouli,1.446317071695876e+18,76
1446317331130089584,carrocho,eu usava o do meu irmao pra jogar joguinho,2025-12-04 22:48:43,0,False,True,bolinouli,1.4463170090873695e+18,42
1446317219431841862,carrocho,"ave maria, foi mt produtivo ent",2025-12-04 22:48:16,0,False,True,elverton,1.4463167998461215e+18,31
1446317071695876127,bolinouli,adorava ficar fazendo buddy poke,2025-12-04 22:47:41,0,False,False,,,32
1446317009087369389,bolinouli,eu usava muito orkut,2025-12-04 22:47:26,0,False,False,,,20
1446316961175961781,elverton,A droga da minha geração era MSN e Orkut haha,2025-12-04 22:47:14,0,False,True,bolinouli,1.4463166830933443e+18,45
1446316799846121584,elverton,Se fosse no Teams ou Meets daria umas 2k horas fácil hahaha,2025-12-04 22:46:36,1,False,True,carrocho,1.446316260605563e+18,59
1446316683093344256,bolinouli,"discord faz mal, quem usa pouco ta na vantagem 🤭",2025-12-04 22:46:08,1,False,True,elverton,1.446315800850862e+18,48
1446316308022038648,carrocho,,2025-12-04 22:44:39,0,False,False,,,0
1446316260605562880,carrocho,acho q isso é uma coisa boa kkkkkkk,2025-12-04 22:44:27,0,False,True,elverton,1.446315800850862e+18,35
1446315800850862162,elverton,To júnior no discord,2025-12-04 22:42:38,0,False,False,,,20
1446315560206860490,elverton,,2025-12-04 22:41:40,0,False,False,,1.4463151308569313e+18,0
1446234097063035092,bolinouli,,2025-12-04 17:17:58,0,False,False,,1.446233993405268e+18,0
1446231516710437037,wesleydsg,KKKKKKKKKKKKKKKKKKKK,2025-12-04 17:07:43,0,False,False,,,20
1446231508926075125,wesleydsg,EMOJI MAIS USADOS,2025-12-04 17:07:41,0,False,False,,,17
1446231481520357689,wesleydsg,KKKKKKKKKKKKKKKKKkk,2025-12-04 17:07:34,0,False,False,,,19
1446231461328977920,wesleydsg,isso daqui mds,2025-12-04 17:07:30,0,True,False,,,14
1446231425077743717,wesleydsg,ela é dms,2025-12-04 17:07:21,0,False,True,elverton,1.4461968498359053e+18,9
1446197685576142898,carrocho,É mt boa msm,2025-12-04 14:53:17,0,False,True,elverton,1.4461968498359053e+18,12
1446196849835905271,elverton,essa música é bacana 🙂,2025-12-04 14:49:58,0,False,False,,,22
1445967270093258874,carrocho,[IMAGEM: image.png],2025-12-03 23:37:41,1,True,False,,,0
1445920339988189194,carrocho,vai ter como pegar de graça?,2025-12-03 20:31:12,0,False,False,,,28
1445920319616323584,carrocho,bonitao,2025-12-03 20:31:08,0,False,True,bolinouli,1.445919985623896e+18,7
1445919985623896064,bolinouli,https://cdn.discordapp.com/attachments/1201833362399170560/1445822172256800838/X20_S5-PV_3840x2160_EN_IG.mp4?ex=6931be53&is=69306cd3&hm=b35036824d652bd1869c6e1cd60c9b48a0c57dc8d745eb8264bf96df063628ad& <@1225618468754165846>,2025-12-03 20:29:48,0,False,True,carrocho,,224
1445919145135706183,bolinouli,<@319269827690627072> https://tenor.com/view/my-honest-reaction-amumu-league-of-legends-gif-639478321592334771,2025-12-03 20:26:28,1,False,True,wesleydsg,,110
1445919055201697947,bolinouli,[IMAGEM: image.png],2025-12-03 20:26:06,1,True,False,,,0
1445221732356198561,bolinouli,[IMAGEM: image.png],2025-12-01 22:15:11,0,True,False,,,0
1445205721129160846,carrocho,sao dms,2025-12-01 21:11:34,0,False,True,bolinouli,1.4452055680661627e+18,7
1445205568066162800,bolinouli,todas as skins da magia sao mt bnts,2025-12-01 21:10:58,0,False,True,carrocho,1.4451919859955796e+18,35
1445192278410002502,pdrohd,:0,2025-12-01 20:18:09,0,False,False,,,2
1445192253776724189,carrocho,mt foda,2025-12-01 20:18:03,0,False,False,,,7
1445192243840417802,carrocho,uhum,2025-12-01 20:18:01,0,False,True,pdrohd,1.4451921040315556e+18,4
1445192104031555675,pdrohd,eiita comprou?,2025-12-01 20:17:27,0,False,True,carrocho,1.4451919859955796e+18,14
1445191985995579602,carrocho,[IMAGEM: image.png],2025-12-01 20:16:59,0,True,False,,,0
1443797827934486682,pdrohd,[IMAGEM: 20251128004534_1.jpg],2025-11-27 23:57:06,0,True,False,,,0
1443797800545681451,pdrohd,obrigado manos,2025-11-27 23:57:00,0,False,False,,,14
1443797791536058470,pdrohd,foi mto baoo,2025-11-27 23:56:57,0,False,False,,,12
1443797204841005170,bolinouli,gg,2025-11-27 23:54:38,0,False,False,,,2
1443797193764110346,bolinouli,vlw,2025-11-27 23:54:35,0,False,False,,,3
1443794292836667566,wesleydsg,vlw,2025-11-27 23:43:03,0,False,False,,,3
1443794290722476083,wesleydsg,vlw,2025-11-27 23:43:03,0,False,False,,,3
1443793961344045218,haniel.,vlw guys,2025-11-27 23:41:44,0,False,False,,,8
1443793815503638559,carrocho,vlw pela play,2025-11-27 23:41:10,0,False,False,,,13
1443779755148181606,wesleydsg,acabou de acabar,2025-11-27 22:45:17,0,False,False,,,16
1443779742716268594,wesleydsg,ou ent vc entra,2025-11-27 22:45:14,0,False,False,,,15
1443779724710121594,wesleydsg,eu transmito pra vc,2025-11-27 22:45:10,0,False,False,,,19
1443779704984436847,wesleydsg,vem k,2025-11-27 22:45:05,0,False,False,,,5
1443779697275043872,wesleydsg,ta ai?,2025-11-27 22:45:03,0,False,False,,,6
1443779691621122180,wesleydsg,<@395698445924433931>,2025-11-27 22:45:02,0,False,True,daniilago,,21
1443757970373742696,bolinouli,https://www.nexusmods.com/peak/mods/20,2025-11-27 21:18:43,0,False,False,,,38
1443757534564450396,bolinouli,"Installation (Manual)
Download
https://thunderstore.io/c/peak/p/glarmer/PEAK_Unlimited/

Only the host needs to install this mod!

Manual Install
1.) Download Bepinex from here
https://thunderstore.io/c/peak/p/BepInEx/BepInExPack_PEAK/

2.) Extract the contents of that zip into your game directory (default: C:\Program Files (x86)\Steam\steamapps\common\PEAK) resulting in a folder that has the following files:



3.) Start the game and close it again, this does the first time set up for BepInEx.
This creates the bepinex/plugins folder, it is necessary

- If you are on linux add the startup command: WINEDLLOVERRIDES=""winhttp=n,b"" %command%

4.) Download the mod from here (Click Manual Download): https://thunderstore.io/c/peak/p/glarmer/PEAK_Unlimited/

5.) Open the downloaded zip file. Copy and paste the PeakUnlimited.dll file into your PEAK directory - (steam directory)\PEAK\BepInEx\plugins. All the other files can be ignored.

If you don't have a plugins folder, you either need to do step 3, or your bepinex installation is incorrect.

6.) Run the game

Configuration
- Configuration can be found at: (steam directory)\PEAK\BepInEx\config\PeakUnlimited.cfg",2025-11-27 21:16:59,0,False,False,,,1171
1443757376275746878,bolinouli,https://steamcommunity.com/sharedfiles/filedetails/?id=3501916945&searchtext=mod,2025-11-27 21:16:22,0,False,False,,,80
1443736158163959893,daniilago,<@349347400755707904>,2025-11-27 19:52:03,0,False,True,bolinouli,,21
1443735792110407730,pdrohd,https://tenor.com/view/miku-hatsune-miku-miku-plushie-fuwa-fuwa-gif-25808352,2025-11-27 19:50:36,0,False,True,jose_ze,1.443734094927106e+18,76
1443734786861695140,pdrohd,quando o edu aparecer,2025-11-27 19:46:36,0,False,True,bolinouli,1.443733736616104e+18,21
1443734094927106128,jose_ze,https://tenor.com/view/bowser-bowser-fart-inside-out-emotions-anger-gif-6619012103622679278,2025-11-27 19:43:51,1,False,False,,,91
1443733736616103999,bolinouli,me avisa quando ces forem começar,2025-11-27 19:42:26,0,False,False,,,33
1443733189687509082,daniilago,blzz,2025-11-27 19:40:15,0,False,False,,,4
1443733163011473520,diegovsky,vou aproveitar pra lavar louça mas tô on aqui ok,2025-11-27 19:40:09,0,False,False,,,48
1443733135325007914,diegovsky,só falta o edu,2025-11-27 19:40:02,0,False,False,,,14
1443733126525227158,diegovsky,a <@349347400755707904> tá quase on,2025-11-27 19:40:00,0,False,True,bolinouli,,35
1443733089200242820,diegovsky,quando for pra fazer o trabalho me chama no sape,2025-11-27 19:39:51,0,False,False,,,48
1443732931754590319,diegovsky,me desmuta aaaaa,2025-11-27 19:39:14,0,False,False,,,16
1443395445668974642,bolinouli,[IMAGEM: image.png],2025-11-26 21:18:11,0,True,False,,,0
1443395256061268039,bolinouli,[IMAGEM: image.png],2025-11-26 21:17:26,0,True,False,,,0
1443391330045792358,bolinouli,[IMAGEM: image.png],2025-11-26 21:01:49,0,True,False,,,0
1443385077404012694,bolinouli,https://docs.google.com/presentation/d/1qI5nvyp9umXZLBpAoa0U-_QA9OlkZPA2nf_7k0S3cwc/edit?usp=sharing,2025-11-26 20:36:59,0,False,False,,,100
1443382201025560710,bolinouli,https://docs.google.com/document/d/1OyhQ-npB5kIKlXI_HKFBlWfzmwy5JuInkym-kH77aLE/edit?tab=t.0#heading=h.432ecn5lu5fq,2025-11-26 20:25:33,0,False,False,,,115
1443381616033398865,daniilago,gostei,2025-11-26 20:23:13,0,False,False,,,6
1443381570366079161,haniel.,dark souls reference,2025-11-26 20:23:03,0,False,False,,,20
1443381556721750149,haniel.,WOW gostei.,2025-11-26 20:22:59,0,False,True,bolinouli,1.4433605406164257e+18,11
1443360540616425642,bolinouli,[IMAGEM: image.png],2025-11-26 18:59:29,0,True,False,,,0
1435786480713732208,carrocho,pspsps,2025-11-05 21:22:52,0,False,False,,,6
1435786449470492733,carrocho,<@349347400755707904>,2025-11-05 21:22:45,0,False,True,bolinouli,,21
1433249980017283162,bolinouli,[IMAGEM: image.png],2025-10-29 21:23:43,0,True,False,,,0
1433247047108268146,wesleydsg,[VIDEO: yotsuba-25.mp4],2025-10-29 21:12:04,0,True,False,,,0
1433246843688718426,pdrohd,https://tenor.com/view/cat-trapped-kitten-speech-bubble-gif-25553629,2025-10-29 21:11:15,0,False,False,,,68
1433246760221937715,pdrohd,https://tenor.com/view/chips-cat-gif-12446598978031361530,2025-10-29 21:10:56,0,False,False,,,57
1433246592147787879,pdrohd,https://tenor.com/view/yay-yayyyy-cat-happy-goober-gif-10543488045239200680,2025-10-29 21:10:16,0,False,False,,,75
1433246566252150955,pdrohd,https://tenor.com/view/man-dance-cute-%D0%BC%D0%B8%D0%BB%D1%8B%D0%B9-%D1%82%D0%B0%D0%BD%D0%B5%D1%86-gif-22893846,2025-10-29 21:10:09,0,False,False,,,112
1433246511193391126,pdrohd,https://tenor.com/view/funny-animals-handshake-cats-kittens-gif-10222808,2025-10-29 21:09:56,0,False,False,,,72
1433246318515454114,carrocho,https://tenor.com/view/shaw-silksong-shaw-mewing-hollow-knight-hollow-knight-hornet-gif-10701033448015821325,2025-10-29 21:09:10,0,False,False,,,108
1433246196444434452,pdrohd,[VIDEO: minecraft.mp4],2025-10-29 21:08:41,0,True,False,,,0
1433245996929781932,pdrohd,https://tenor.com/view/dress-to-impress-dti-monkey-honest-cosplay-server-cosplay-server-gif-3987194719260451222,2025-10-29 21:07:54,0,False,False,,,111
1433245990172753991,wesleydsg,[VIDEO: --Keno_on_Instagram___what_are_u_looking_--_--_MP4.mp4],2025-10-29 21:07:52,0,True,False,,,0
1433245896820133888,pdrohd,https://tenor.com/view/baby-monkey-monkey-hanging-monkey-tiny-monkey-little-monkey-gif-10149242428642523289,2025-10-29 21:07:30,0,False,False,,,107
1433245867804196865,carrocho,https://media.tenor.com/Cy57g0EkrScAAAAM/macaco-maquiado.gif,2025-10-29 21:07:23,0,False,False,,,60
1433245802666524782,pdrohd,https://tenor.com/view/monkey-monkey-dress-monkey-handbag-monkey-in-dress-with-handbag-monkey-holding-handbag-gif-2246836002142650780,2025-10-29 21:07:07,0,False,False,,,133
1433245726800085023,wesleydsg,[IMAGEM: unknown-106.png],2025-10-29 21:06:49,0,True,False,,,0
1433245640242102432,pdrohd,https://tenor.com/view/merc-rl-rocket-league-fs-freestyle-gif-16526009429123367886,2025-10-29 21:06:29,0,False,False,,,82
1433245333714112542,pdrohd,https://media.discordapp.net/attachments/801200121009274935/1194328350035017758/SPOILER_4x.gif,2025-10-29 21:05:15,0,False,False,,,94
1433245253493719160,pdrohd,https://tenor.com/view/moodeng-moo-deng-moodengwif-moo-deng-wif-moodengwifhat-gif-14467902189571575264,2025-10-29 21:04:56,0,False,False,,,102
1433244769303396392,bolinouli,https://tenor.com/view/pai-do-furuya-depois-de-comer-o-daniel-dance-gif-17039711,2025-10-29 21:03:01,0,False,False,,,80
1433244678416760913,bolinouli,https://tenor.com/view/eduardo-cinco-noches-eduardo-eduardo-fnaf-gif-321682115044605828,2025-10-29 21:02:39,0,False,False,,,87
1433244612918771722,bolinouli,https://tenor.com/view/eduardo-eduardo-dog-eduardo-horror-dog-gif-17518425,2025-10-29 21:02:24,0,False,False,,,74
1433244557394444298,bolinouli,https://tenor.com/view/eating-pedro-pedro-27-honkai-star-rail-feixiao-gif-10962391830232880350,2025-10-29 21:02:10,0,False,False,,,94
1433244499546607758,daniilago,https://tenor.com/view/me-and-you-2-fish-kissing-love-funny-me-and-my-above-commenter-gif-13549794097990757374,2025-10-29 21:01:57,0,False,False,,,110
1433244370332684349,daniilago,https://tenor.com/view/priyanka-question-mark-riddle-me-this-whats-my-name-do-you-love-me-gif-17950622,2025-10-29 21:01:26,0,False,False,,,102
1433244331644289034,carrocho,https://tenor.com/view/pedro-salchicha-gif-16992326580939123122,2025-10-29 21:01:17,0,False,False,,,63
1433244312308682936,daniilago,https://tenor.com/view/pedrohd-pdrohd-streamer-an%C3%A1lise-analise-gif-24241106,2025-10-29 21:01:12,0,False,False,,,80
1433244286442537011,bolinouli,https://tenor.com/view/pedro-gif-5198480016458945203,2025-10-29 21:01:06,0,False,False,,,52
1433244241479471216,daniilago,https://tenor.com/view/palmbee-palm-nom-cake-rock-yum-gif-19417102,2025-10-29 21:00:55,0,False,False,,,66
1433244209862803606,bolinouli,https://tenor.com/view/mapache-pedro-gif-7206648027763736533,2025-10-29 21:00:48,0,False,False,,,60
1433244170700587038,daniilago,https://tenor.com/view/eduardo-edu-aset-gif-20498927,2025-10-29 21:00:38,0,False,False,,,52
1433244112277995580,bolinouli,https://tenor.com/view/canoas-canoas-rs-cap%C3%A3o-do-corvo-porto-alegre-parque-get%C3%BAlio-vargas-gif-2539362536136638647,2025-10-29 21:00:24,0,False,False,,,123
1433244105248342150,carrocho,https://tenor.com/view/daniel-my-beloved-gif-24951653,2025-10-29 21:00:23,0,False,False,,,53
1433244081366106275,daniilago,https://tenor.com/view/happy-birthday-gif-4581549615324736321,2025-10-29 21:00:17,0,False,False,,,61
1433244042849685706,wesleydsg,https://tenor.com/view/macumba-tambor-pica-pau-jacare-gif-19334360,2025-10-29 21:00:08,0,False,False,,,66
1433243993327796347,carrocho,https://tenor.com/view/karekano-muralhas-purple-oddity-gif-18417152,2025-10-29 20:59:56,0,False,False,,,67
1433243936075550942,bolinouli,https://tenor.com/view/wesley-gif-27253797,2025-10-29 20:59:42,0,False,False,,,42
1433243933441527962,daniilago,https://tenor.com/view/daniel-to-gif-25331669,2025-10-29 20:59:42,0,False,False,,,45
1433243901946368122,wesleydsg,https://tenor.com/view/wesley-wesley-guessley-doo-rag-doo-rag-gif-24277494,2025-10-29 20:59:34,0,False,False,,,74
1433243882275213365,carrocho,https://tenor.com/view/armand-daniel-molloy-sandwhich-armand-daniel-molloy-devils-minion-armandaniel-gif-6192793285250864640,2025-10-29 20:59:29,0,False,False,,,124
1433243806584672277,carrocho,https://tenor.com/view/daniel-wednesday-daniel-wednesday-dimblebee-house-fitted-gif-14863336628125995020,2025-10-29 20:59:11,0,False,False,,,104
1433243776150929490,carrocho,https://tenor.com/view/daniel-gif-22598918,2025-10-29 20:59:04,0,False,False,,,42
1433243716339892245,wesleydsg,https://tenor.com/view/apple-cat-applecat-love-beloved-gif-5332760204344538641,2025-10-29 20:58:50,0,False,False,,,78
1429602614252929266,pdrohd,https://cdn.discordapp.com/attachments/850893182836539402/1347653171979227259/46b4657d-3844-4d31-983c-8c64663fe596.webp,2025-10-19 19:50:23,0,False,False,,,119
1429241372271186060,bolinouli,https://tenor.com/view/valia-gif-25950437,2025-10-18 19:54:57,0,False,False,,,41
1429227896815227091,elverton,"Ah, não sabia que a intenção era músicas eletrônicas. Ferrei a playlist lá então 😂",2025-10-18 19:01:24,0,False,False,,,82
1429218793044836433,bolinouli,ainda n pensei num nome bom,2025-10-18 18:25:13,0,False,False,,,27
1429218700531208315,bolinouli,a ideia é q essa seria uma playlist com as músicas eletronicas q a gnt ouvia la pra 2010-2015 +/-,2025-10-18 18:24:51,0,False,False,,,97
1429218550983426058,bolinouli,tava de placeholder,2025-10-18 18:24:16,0,False,False,,,19
1429218515457544233,bolinouli,fgshkjdfkhjsfdkjhds,2025-10-18 18:24:07,0,False,False,,,19
1429215503913848972,elverton,Precisava mudar o nome não 😂,2025-10-18 18:12:09,0,False,False,,,28
1429204840340525067,elverton,https://tenor.com/view/sxv-wtf-gif-531008023652526900,2025-10-18 17:29:47,0,False,True,bolinouli,1.42780678122845e+18,53
1428879139640705105,carrocho,https://cdn.discordapp.com/attachments/1086095040620797985/1403578068374786079/image0.gif,2025-10-17 19:55:34,0,False,False,,,89
1428874071306666095,wesleydsg,https://tenor.com/view/rabbit-alice-in-wonderland-the-white-rabbit-look-at-this-time-is-ticking-gif-17400057,2025-10-17 19:35:25,0,False,False,,,108
1427806781228449927,bolinouli,https://open.spotify.com/playlist/63PXBxoMh0smhev2i6QnJe?si=d4f463c5331542cf&pt=0d6dd4528f0e5a8ba2e139b71d5d9495,2025-10-14 20:54:24,0,False,False,,,112
1413218416453619872,elverton,"hahaha, eu agradeço pessoal. Estava resolvendo um pepino na reitoria. Ainda bem que cheguei a tempo",2025-09-04 14:45:26,0,False,False,,,99
1413217755288834139,pdrohd,estávamos ansiosos pra vc chegar kkkkkk,2025-09-04 14:42:49,0,False,False,,,39
1413217694303654139,pdrohd,"poxa, não sei o que dizer, ficamos felizes dms também :))",2025-09-04 14:42:34,0,False,True,elverton,1.4132082845041336e+18,57
1413216266709373039,pdrohd,ahh que bonitinho,2025-09-04 14:36:54,1,False,True,elverton,1.4132161785785262e+18,17
1413216178578526218,elverton,surpresa do kinderovo 🙂,2025-09-04 14:36:33,0,True,False,,,23
1413208284504133732,elverton,"pessoal, gratificante. Muito obrigado pela consideração 🙂",2025-09-04 14:05:11,3,False,False,,,57
1413174979016790056,bolinouli,e salgadinho,2025-09-04 11:52:50,0,False,False,,,12
1413174966593130497,bolinouli,"não precisa contar não, só comer bolo",2025-09-04 11:52:47,0,False,True,elverton,1.413163697274356e+18,37
1413163697274355894,elverton,chega uma hora que queremos parar de contar a idade 😂,2025-09-04 11:08:00,0,False,False,,,53
1413163577401020518,elverton,valeu pessoal.,2025-09-04 11:07:32,0,False,False,,,14
1413163541216890920,elverton,hahaha,2025-09-04 11:07:23,0,False,False,,,6
1413154650865008721,amorsurreal.,Happy birthday <@367477860220272651> 🎉🎉🎉,2025-09-04 10:32:03,0,False,True,elverton,,40
1413152856596283412,bolinouli,https://cdn.discordapp.com/attachments/714209129664872483/1347652904152207402/fd5e441f-11ed-446c-9d17-45862f3fa913.webp,2025-09-04 10:24:56,0,False,False,,,119
1413152729869582510,pdrohd,parabensss <@367477860220272651>,2025-09-04 10:24:25,0,False,True,elverton,,32
1413152620247515277,pdrohd,"entttao, era pro home aparecer <:noo:1336864755486560257>",2025-09-04 10:23:59,0,False,False,,,57
1413152353174945936,bolinouli,parabéns,2025-09-04 10:22:56,0,False,False,,,8
1413152322653257840,bolinouli,hoje é aniversário do <@367477860220272651> 😄,2025-09-04 10:22:48,0,False,True,elverton,,45
1409949664891109428,haniel.,preenchido!!,2025-08-26 14:16:35,0,False,True,elverton,1.4085977738923215e+18,12
1409648476253327494,elverton,"Pessoal, bora participar da Maratona da SECOMP 🙂

https://forms.gle/aedVNY6nesfkdi8f8",2025-08-25 18:19:46,0,False,False,,,85
1408874157105741874,bolinouli,<:chade:1336857774470201409>,2025-08-23 15:02:54,0,False,False,,,28
1408874134133411911,bolinouli,tambem,2025-08-23 15:02:49,0,False,False,,,6
1408836868769972255,carrocho,enviei tbm 😎,2025-08-23 12:34:44,0,False,False,,,12
1408795888368877678,pdrohd,preenchido também 🙏,2025-08-23 09:51:53,0,False,False,,,19
1408795525406396416,pdrohd,opaa,2025-08-23 09:50:27,0,False,False,,,4
1408790995705004072,daniilago,formulário preenchido 👍,2025-08-23 09:32:27,1,False,False,,,23
1408786966719369346,elverton,"Pessoal, tenta novamente ai 🙂",2025-08-23 09:16:26,0,False,False,,,29
1408783178025668741,elverton,Vou falar com o Madeira aqui,2025-08-23 09:01:23,0,False,False,,,28
1408783149852266606,elverton,Opa,2025-08-23 09:01:16,0,False,False,,,3
1408615891590975630,pdrohd,sim,2025-08-22 21:56:39,0,False,False,,,3
1408615857210523728,bolinouli,o resto das perguntas ta tudo certo,2025-08-22 21:56:31,0,False,False,,,35
1408615447930339433,pdrohd,tem que revisar esse formulário,2025-08-22 21:54:53,0,False,False,,,31
1408615447531880570,bolinouli,a pergunta do whatsapp ta com a confirmação errada,2025-08-22 21:54:53,0,False,False,,,50
1408615417135497347,pdrohd,ia falar isso,2025-08-22 21:54:46,0,False,False,,,13
1408615386236321812,bolinouli,[IMAGEM: image.png],2025-08-22 21:54:38,1,True,True,elverton,1.4085977738923215e+18,0
1408613862919639212,daniilago,"opaa, gostei",2025-08-22 21:48:35,0,False,False,,,12
1408597773892321440,elverton,"Pessoal, lançamos o projeto de extensão da ludoteca. Quem tiver interesse em participar, só preencher o formulário abaixo 🙂

https://forms.gle/62Y7SmM3cmgNSbEe6",2025-08-22 20:44:39,4,False,False,,,160
1402839399858831431,davijannotti,109775244371354278,2025-08-06 23:22:56,0,False,False,,,18
1402838312464683130,davijannotti,109775244370325304,2025-08-06 23:18:37,0,False,False,,,18
1402838073745735770,daniilago,109775244370325229,2025-08-06 23:17:40,0,False,False,,,18
1402835951415197739,daniilago,109775244370323272,2025-08-06 23:09:14,0,False,False,,,18
1402833880641175677,daniilago,109775244369358596,2025-08-06 23:01:00,0,False,False,,,18
1402833721333125202,daniilago,109775244369358596,2025-08-06 23:00:22,0,False,False,,,18
1402832675731144714,daniilago,109775244369357499,2025-08-06 22:56:13,0,False,False,,,18
1402473656621334609,wesleydsg,tbm,2025-08-05 23:09:36,0,False,False,,,3
1402473595552399360,carrocho,eu passo,2025-08-05 23:09:21,0,False,True,bolinouli,1.402472513191285e+18,8
1402473104797728849,daniilago,sim,2025-08-05 23:07:24,0,False,True,carrocho,1.402464095269294e+18,3
1402472513191284879,bolinouli,<@1225618468754165846> <@319269827690627072> tamo jogando mine ces querem?,2025-08-05 23:05:03,0,False,True,"wesleydsg,carrocho",,74
1402464095269294161,carrocho,esse é oq tem q falar as spells?,2025-08-05 22:31:36,0,False,False,,,32
1402464064415993866,carrocho,mage arena é hype,2025-08-05 22:31:29,0,False,False,,,17
1401326952979234819,daniilago,[ANEXO: Mage.Arena.v0.6.2-OFME.torrent] [ANEXO: PEAK.v1.9.a-OFME.torrent] [ANEXO: DEVOUR.v5.0.23-OFME.torrent],2025-08-02 19:13:00,0,True,False,,,0
1400247975145373826,carrocho,s,2025-07-30 19:45:32,0,False,False,,,1
1400247860955713607,wesleydsg,Esse é o de 33?,2025-07-30 19:45:05,0,False,False,,,15
1400210743177117906,carrocho,[IMAGEM: aqrMPGtT5rd2C6WTGmLjYQ-1200-80.png],2025-07-30 17:17:35,0,True,False,,,0
1394823805351759913,carrocho,to esperando os caras,2025-07-15 20:31:49,0,False,False,,,21
1394823792987213844,carrocho,kkkkkkkkkkkkkkkkkk,2025-07-15 20:31:46,0,False,True,daniilago,1.39482373596552e+18,18
1394823735965519872,daniilago,reuniao bacana essa dai,2025-07-15 20:31:33,0,True,False,,,23
1394818777287495841,carrocho,[IMAGEM: image.png],2025-07-15 20:11:50,0,True,False,,,0
1394808267406049441,davijannotti,Já me arrependi de entrar de férias,2025-07-15 19:30:05,0,False,False,,,35
1394808187869462619,davijannotti,LUZ DE MERDAAAAA,2025-07-15 19:29:46,0,False,False,,,16
1394805643738615848,carrocho,<:noo:1336864755486560257>,2025-07-15 19:19:39,0,False,True,diegovsky,1.3948055801658122e+18,26
1394805580165812254,diegovsky,rapidola,2025-07-15 19:19:24,0,False,False,,,8
1394805560938860585,diegovsky,kkkkkkkkkk,2025-07-15 19:19:19,0,False,False,,,10
1394805381976297544,carrocho,kkkkkkkkkkkkkkk,2025-07-15 19:18:37,0,False,False,,,15
1394805374971809906,carrocho,ent né,2025-07-15 19:18:35,0,False,False,,,6
1394805334337392753,bolinouli,deve ser tao bom morar perto mano,2025-07-15 19:18:25,1,False,False,,,33
1394802294834466907,daniilago,tava preocupada que eu seria sequestrado?,2025-07-15 19:06:21,0,False,False,,,41
1394802165016428668,daniilago,pq?,2025-07-15 19:05:50,0,False,False,,,3
1394802072590749837,daniilago,cheguei,2025-07-15 19:05:28,0,False,False,,,7
1394801905330421880,bolinouli,<@395698445924433931> ce ja chegou em casa?,2025-07-15 19:04:48,0,False,True,daniilago,,43
1394519628545265674,bolinouli,[IMAGEM: image.png],2025-07-15 00:23:08,0,True,False,,,0
1394499336699772940,wesleydsg,kkkkkkkkkk,2025-07-14 23:02:30,0,False,False,,,10
1394499331704229968,wesleydsg,entao faz tempo em,2025-07-14 23:02:29,0,False,False,,,18
1394499322401259561,wesleydsg,nossa mae,2025-07-14 23:02:27,0,False,True,elverton,1.394488997987881e+18,9
1394490937194971268,pdrohd,amém,2025-07-14 22:29:07,0,False,True,bolinouli,1.3944902324511048e+18,4
1394490255415181442,bolinouli,vai dar p jogar denovo,2025-07-14 22:26:25,0,False,False,,,22
1394490232451104882,bolinouli,férias começando agora,2025-07-14 22:26:19,0,False,False,,,22
1394488997987880981,elverton,A última vez que joguei algo foi com a turma aqui 🙂,2025-07-14 22:21:25,0,False,True,bolinouli,1.3944827799991788e+18,51
1394488801270960270,carrocho,n esperava,2025-07-14 22:20:38,0,False,False,,,10
1394488791426666538,carrocho,"ent, foi mt bom kkkkk",2025-07-14 22:20:36,0,False,True,bolinouli,1.3944827799991788e+18,21
1394482910798676220,daniilago,agradeço 🙂,2025-07-14 21:57:14,0,False,True,elverton,1.3944809226776125e+18,10
1394482796143181874,carrocho,vlw vlw,2025-07-14 21:56:46,0,False,True,elverton,1.3944809226776125e+18,7
1394482779999178792,bolinouli,"mandou bem nos testes também, foi divertido de assistir",2025-07-14 21:56:42,0,False,True,elverton,1.3944809226776125e+18,55
1394482688139984946,bolinouli,https://cdn.discordapp.com/attachments/850893182836539402/1347660412161884190/990e4562-c48a-40ea-9c7a-79d2b1ff10d7.webp,2025-07-14 21:56:21,0,False,True,elverton,1.3944809226776125e+18,119
1394480922677612564,elverton,"Pessoal, mamdaram bem nos jogos de hj 🙂",2025-07-14 21:49:20,2,False,False,,,39
1394092954704023673,pdrohd,https://youtube.com/shorts/CTxjCvCios4?si=c1-t7syxuRletLc0,2025-07-13 20:07:41,0,False,False,,,58
1394080958185214042,wesleydsg,Sobe ai <@295011166587977729> <@349347400755707904>,2025-07-13 19:20:01,0,False,True,"bolinouli,pdrohd",,51
1394080895732027502,haniel.,bora,2025-07-13 19:19:46,0,False,False,,,4
1394080873099300945,wesleydsg,Bora bora <@434422272753664010>,2025-07-13 19:19:40,0,False,True,haniel.,,31
1394080592596832438,carrocho,estudos,2025-07-13 19:18:34,0,False,True,haniel.,1.3940804177908204e+18,7
1394080504156000376,Deleted User#0000,🫃,2025-07-13 19:18:12,0,False,False,,,1
1394080489660485854,wesleydsg,To esperando ele msm,2025-07-13 19:18:09,0,False,False,,,20
1394080454373544070,haniel.,🙏,2025-07-13 19:18:01,0,False,False,,,1
1394080417790820424,haniel.,avisa quando for ter estudos <@1225618468754165846> <@319269827690627072>,2025-07-13 19:17:52,1,False,True,"wesleydsg,carrocho",,73
1393778187535908986,bolinouli,[IMAGEM: image.png],2025-07-12 23:16:55,0,True,False,,,0
1393763800171417650,carrocho,Compartilhado de **Whiteboard**,2025-07-12 22:19:44,0,True,False,,,31
1393761962546171994,bolinouli,[IMAGEM: image.png],2025-07-12 22:12:26,0,True,False,,,0
1393761179561754717,bolinouli,[IMAGEM: image.png],2025-07-12 22:09:20,0,True,False,,,0
1393752202547433566,bolinouli,[IMAGEM: image.png],2025-07-12 21:33:39,0,True,False,,,0
1393748302205288509,carrocho,<@434422272753664010> vc vai voltar?,2025-07-12 21:18:09,0,False,True,haniel.,,36
1393748257900986439,bolinouli,[IMAGEM: screenshot-1105.png],2025-07-12 21:17:59,0,True,False,,,0
1393748147821346866,bolinouli,[IMAGEM: Winston_April_Fools.png],2025-07-12 21:17:33,1,True,False,,,0
1393738561269928106,bolinouli,[IMAGEM: image.png],2025-07-12 20:39:27,0,True,False,,,0
1393738365911826482,bolinouli,[IMAGEM: image.png],2025-07-12 20:38:40,0,True,False,,,0
1393735415755968663,bolinouli,q qlq coisa q encostava fazia cosquinha pq o bgl tinha passado meses sem nada encostar,2025-07-12 20:26:57,0,False,False,,,86
1393735319257612369,bolinouli,lembro exatamente da sensação no seu da boca logo quando eu tirei ele,2025-07-12 20:26:34,0,False,False,,,69
1393735254124269598,bolinouli,eu me divertia muito passando tic tac por cima do buraco,2025-07-12 20:26:18,0,False,False,,,56
1393735207064174795,bolinouli,fgksjhdgfjhksgfdkhjsdf,2025-07-12 20:26:07,0,False,True,haniel.,1.393734758143492e+18,22
1393734762568351795,haniel.,pra tirar,2025-07-12 20:24:21,0,False,False,,,9
1393734758143492116,haniel.,"tp isso, eu lembro que varios club sociais ficavam indo pra cima dele e era uma merda",2025-07-12 20:24:20,0,False,True,bolinouli,1.393734487678128e+18,85
1393734487678128179,bolinouli,[IMAGEM: O_que__e_como_funciona_o_aparelho_para_abrir_o_cu_da_boca.png],2025-07-12 20:23:16,0,True,False,,,0
1393726047060758629,bolinouli,https://tenor.com/view/marvel-rivals-marvel-rivals-galacta-gif-9610002440074067728,2025-07-12 19:49:43,0,False,False,,1.3937233258505833e+18,82
1393724115067605142,pdrohd,https://tenor.com/view/cat-ja-ma-gif-22280438,2025-07-12 19:42:03,0,False,False,,,45
1393723382792454266,bolinouli,[IMAGEM: image.png],2025-07-12 19:39:08,0,True,False,,,0
1393723325850583200,bolinouli,[IMAGEM: image.png],2025-07-12 19:38:55,0,True,False,,,0
1393718356405780600,bolinouli,[IMAGEM: image.png],2025-07-12 19:19:10,0,True,False,,,0
1393717559076847717,haniel.,entrarei,2025-07-12 19:16:00,0,False,False,,,8
1393717527577886730,haniel.,ok,2025-07-12 19:15:52,0,False,False,,,2
1393717162006413323,wesleydsg,so bora,2025-07-12 19:14:25,0,False,False,,,7
1393717151164272753,wesleydsg,Kamila ta fechando o marvel rivals aqui ja,2025-07-12 19:14:22,0,False,False,,,42
1393717096357036156,wesleydsg,sim,2025-07-12 19:14:09,0,False,False,,,3
1393716867302166640,haniel.,vai ter estudos pessoal? <@1225618468754165846> <@319269827690627072>,2025-07-12 19:13:15,9,False,True,"wesleydsg,carrocho",,69
1393395090101370961,carrocho,Compartilhado de **Whiteboard**,2025-07-11 21:54:37,0,True,False,,,31
1393375209536622654,bolinouli,https://www.youtube.com/@Murakami.,2025-07-11 20:35:37,0,False,False,,,34
1393365641355984956,bolinouli,[IMAGEM: image.png],2025-07-11 19:57:36,0,True,False,,,0
1393359966408020070,carrocho,chega ae,2025-07-11 19:35:03,0,False,False,,,8
1393359943788396716,haniel.,to indo ent,2025-07-11 19:34:57,0,False,False,,,11
1393359924771422328,haniel.,vixi,2025-07-11 19:34:53,0,False,False,,,4
1393359895738449982,carrocho,sim kaneki,2025-07-11 19:34:46,0,False,True,haniel.,1.3933598396393718e+18,10
1393359839639371796,haniel.,ta rolando? <@1225618468754165846>,2025-07-11 19:34:33,0,False,True,carrocho,,34
1392660389715771524,pdrohd,https://tenor.com/view/miku-hatsune-miku-vocaloid-akita-neru-neru-gif-15197630224921569706,2025-07-09 21:15:11,0,False,False,,,90
1392618016784515184,carrocho,<@395698445924433931>,2025-07-09 18:26:48,0,False,True,daniilago,,21
1392389181745008721,carrocho,https://tenor.com/view/sonic-devil-diabolique-evil-gif-9725651736562738158,2025-07-09 03:17:30,0,False,False,,,74
1392388947040272496,carrocho,https://tenor.com/view/chica-fnaf-movie-fnaf-memes-fnaf-rizz-gif-4214184868383838994,2025-07-09 03:16:34,0,False,False,,,84
1392378233437290537,carrocho,[IMAGEM: image.png],2025-07-09 02:33:59,0,True,False,,,0
1390157300324503705,diegovsky,https://lucide.dev/,2025-07-02 23:28:48,0,False,False,,,19
1390123513175605409,pdrohd,https://youtube.com/shorts/9XWLgfsdrCM?si=t1mNtCFZ5rxdm6sL,2025-07-02 21:14:32,0,False,False,,,58
1390123494255362068,bolinouli,https://www.youtube.com/watch?v=5E-mxH8DEB8,2025-07-02 21:14:28,0,False,False,,,43
1390123178826661908,bolinouli,https://www.tiktok.com/@jumento.voador/video/7261986808580377862,2025-07-02 21:13:13,0,False,False,,,64
1388220533086355476,carrocho,kkkkkkkkkkkk,2025-06-27 15:12:46,0,False,False,,,12
1388220489456947340,daniilago,sendo o alan,2025-06-27 15:12:36,0,False,False,,,12
1388220476245020682,daniilago,hmmm me parece sorte,2025-06-27 15:12:33,0,False,False,,,20
1388220397786501251,carrocho,n prestei atenção direito,2025-06-27 15:12:14,0,False,False,,,25
1388220365003558959,carrocho,acho q ele pegou o menor tempo em todas,2025-06-27 15:12:06,0,False,False,,,39
1388220285781544960,daniilago,de cagada?,2025-06-27 15:11:48,0,False,False,,,10
1388220230534168737,carrocho,o alan resolveu de primeira,2025-06-27 15:11:34,0,False,False,,,27
1388220143133524028,carrocho,pior q acho q só o guloso resolve de boa,2025-06-27 15:11:14,0,False,False,,,40
1388220080168374433,daniilago,KKKKKKKKKKKKKKKKKKKKKKKKKKKKKKKK,2025-06-27 15:10:58,0,False,False,,,32
1388220078222348359,daniilago,GENIO,2025-06-27 15:10:58,0,False,False,,,5
1388219924622737491,wesleydsg,"KKKKKKKKKKK
krl",2025-06-27 15:10:21,0,False,False,,,15
1388219798156218520,carrocho,Kojima genio,2025-06-27 15:09:51,0,False,False,,,12
1388219762131206255,carrocho,meteram um caxeiro viajante no death stranding kkkkkkkkk,2025-06-27 15:09:43,2,True,False,,,56
1384356857199722596,bolinouli,https://open.spotify.com/playlist/145wlwiMo7kojX7yOLJZNb?si=8736931e47704163,2025-06-16 23:19:54,4,False,False,,,76
1384333634286256129,diegovsky,obviously.,2025-06-16 21:47:38,0,True,False,,,10
1383176328265596949,bolinouli,https://redis-io.translate.goog/nosql/key-value-databases/?_x_tr_sl=en&_x_tr_tl=pt&_x_tr_hl=pt&_x_tr_pto=tc,2025-06-13 17:08:54,0,False,False,,,107
1383162526124081215,bolinouli,o,2025-06-13 16:14:04,0,False,False,,,1
1383162491219218452,daniilago,eu e o wesley no caso,2025-06-13 16:13:55,0,False,False,,,21
1383162461846507740,daniilago,fazendo o seminario,2025-06-13 16:13:48,0,False,False,,,19
1383162410478604419,bolinouli,<@395698445924433931> <@295011166587977729> <@319269827690627072> ces tao estudando p algo?,2025-06-13 16:13:36,0,False,True,"wesleydsg,pdrohd,daniilago",,91
1378163123948753119,wesleydsg,🫠,2025-05-30 21:08:13,0,False,False,,,1
1378161132509990982,carrocho,n sei kkkkkkk,2025-05-30 21:00:18,0,False,False,,,13
1378161124339355720,carrocho,ah,2025-05-30 21:00:17,0,False,False,,,2
1378158068101152769,wesleydsg,Oq q vc jogaria,2025-05-30 20:48:08,0,False,False,,,15
1378158035628982342,wesleydsg,Me diga vc aí,2025-05-30 20:48:00,0,False,False,,,13
1378157963604263013,wesleydsg,Meu discord decidiu parar de funcionar e só fui ver agr,2025-05-30 20:47:43,0,False,False,,,55
1378157903525183488,wesleydsg,A,2025-05-30 20:47:29,0,False,True,carrocho,1.3781256940761948e+18,1
1378126621243998399,pdrohd,ola,2025-05-30 18:43:10,1,False,False,,,3
1378125694076194826,carrocho,<@319269827690627072> vai querer ir algo?,2025-05-30 18:39:29,0,False,True,wesleydsg,,41
1378125614367637594,carrocho,tava no cochilas,2025-05-30 18:39:10,0,False,False,,,16
1378125599104700508,carrocho,salve,2025-05-30 18:39:07,0,False,False,,,5
1378118461267640441,daniilago,a mimir,2025-05-30 18:10:45,1,False,False,,,7
1378117168545136814,wesleydsg,algo,2025-05-30 18:05:37,0,False,False,,,4
1378117164598562857,wesleydsg,algm,2025-05-30 18:05:36,0,False,False,,,4
1378117148336980181,wesleydsg,<@395698445924433931>,2025-05-30 18:05:32,0,False,True,daniilago,,21
1378117135284310128,wesleydsg,pspspsps,2025-05-30 18:05:29,0,False,False,,,8
1378117129521594489,wesleydsg,<@1225618468754165846>,2025-05-30 18:05:27,0,False,True,carrocho,,22
1378117097389031505,wesleydsg,to em Lafaiete essa semana,2025-05-30 18:05:20,0,False,False,,,26
1378117077147193395,wesleydsg,e quando q vai ser o lol dnv <@367477860220272651>,2025-05-30 18:05:15,0,False,True,elverton,,50
1378117049200410624,wesleydsg,o,2025-05-30 18:05:08,0,False,False,,,1
1375995775603052647,pdrohd,legal,2025-05-24 21:35:57,0,False,False,,,5
1375995771173732412,pdrohd,que loucura,2025-05-24 21:35:56,0,False,False,,,11
1375990759291097120,bolinouli,https://cdn.discordapp.com/attachments/714209129664872483/1347652904152207402/fd5e441f-11ed-446c-9d17-45862f3fa913.webp,2025-05-24 21:16:01,0,False,False,,,119
1375990506546270319,elverton,"Massa. Se rolar,  vou lá jogar na mesa dele hehe",2025-05-24 21:15:01,0,False,True,bolinouli,1.375989665706021e+18,48
1375990154338111508,elverton,Bacana. Vou ver se proponho com o Sachetto então.,2025-05-24 21:13:37,0,False,False,,,49
1375989816373809345,bolinouli,gostei muito da ideia,2025-05-24 21:12:16,0,False,False,,,21
1375989760807407696,bolinouli,😮,2025-05-24 21:12:03,0,False,True,elverton,1.3759895682387804e+18,1
1375989749491306527,elverton,A ideia é ter os extensionistas lá pra divulgar e inserir o pessoal de fora que chegar.,2025-05-24 21:12:00,0,False,False,,,87
1375989665706020996,bolinouli,"ele mestra sim, tem um sistema sci-fi meio guardioes da galaxia q ele tava procurando players",2025-05-24 21:11:40,0,False,True,elverton,1.3759892832231137e+18,93
1375989568238780457,elverton,Entendi. É uma possibilidade o cdb. O objetivo é fazer um projeto de extensão 🙂,2025-05-24 21:11:17,1,False,True,bolinouli,1.3759754424601848e+18,79
1375989384075280384,carrocho,"eu acharia mt daora se tivesse, iria facil",2025-05-24 21:10:33,1,False,True,elverton,1.3759388683809587e+18,42
1375989283223113800,elverton,"Se ele mestrar, eu até animaria 😂",2025-05-24 21:10:09,0,False,True,bolinouli,1.3759736652791808e+18,33
1375984700379762718,pdrohd,<@196683846580830208> aqui a gente leva emulador pra jogar smash melee?,2025-05-24 20:51:57,1,False,True,diegovsky,,71
1375978240266473583,bolinouli,@here <@456226577798135808>,2025-05-24 20:26:16,0,False,True,"elverton,Deleted User#0000",1.3759388683809587e+18,27
1375975442460184727,bolinouli,"quanto ao lugar, a maioria do pessoal desse servidor mora no dom bosco ou no matosinhos, ent o cdb ficaria mais perto, mas n sei quanto a disponibilidade de salas dos campi ou onde a maioria dos outros estudantes mora",2025-05-24 20:15:09,0,False,False,,,217
1375974037200834690,bolinouli,"sem contar que um dos problemas q a gente tem pra se reunir pra jogar jogos presencialmente é q quase todo mundo mora em kitnet, a gente n tem espaço pra reunir os amigos em casa e nem uma mesa grande pra jogar",2025-05-24 20:09:34,0,False,False,,,210
1375973665279180910,bolinouli,"meu namorado tb tava querendo achar pessoas em sj pra jogar rpg presencialmente, seria um bom lugar pra achar essas pessoas",2025-05-24 20:08:06,0,False,False,,,123
1375973535528259605,bolinouli,"acho uma ideia muito legal, eu iria",2025-05-24 20:07:35,0,False,False,,,35
1375938868380958760,elverton,"Pessoal, queria tirar uma dúvida com vocês. Estou pensando em propor a criação de um espaço de jogos no CSA com encontros quinzenais aos sábados (tipo das 13h30 até às 17h30) para a galera de SJ se reunir e jogar jogo tipo uno, truco, ludo, xadrez, rpg, ... . O objetivo é ser um ambiente para você encontrar uma turma para jogar algum jogo. O espaço terá alguns jogos mas também incentivar o pessoal a levar jogos também. Porém, não tenho ideia de como estão as novas gerações e se esse tipo de iniciativa teria adesão. Talvez todo mundo prefere ficar em casa mesmo jogando jogo na steam :). Queria saber se houvesse algo assim em SJ, se vocês iriam.",2025-05-24 17:49:49,0,False,False,,,651
1374160466909200425,carrocho,[IMAGEM: image.png],2025-05-19 20:03:05,0,True,False,,,0
1374124345324212264,haniel.,fi,2025-05-19 17:39:33,0,False,False,,,2
1374124340727119954,haniel.,aki,2025-05-19 17:39:32,0,False,False,,,3
1374124336847392879,haniel.,<@395698445924433931> entra,2025-05-19 17:39:31,0,False,True,daniilago,,27
1370905318435065866,wesleydsg,<@196683846580830208>,2025-05-10 20:28:18,0,False,True,diegovsky,,21
1369859917141245972,carrocho,<@395698445924433931> vc mim perdoa?,2025-05-07 23:14:15,0,False,True,daniilago,,36
1369855935673139253,wesleydsg,mto bom,2025-05-07 22:58:25,0,False,False,,,7
1369855923056808077,wesleydsg,KKKKKKKKKKKKk,2025-05-07 22:58:22,0,False,False,,,13
1369855526678302862,elverton,Até saiu do jogo 😂,2025-05-07 22:56:48,0,False,True,pdrohd,1.3698523505498522e+18,18
1369852350549852214,pdrohd,falecimento do daniel,2025-05-07 22:44:10,0,True,False,,,21
1369852048966942741,pdrohd,<@395698445924433931> <@367477860220272651> <@1225618468754165846> <@319269827690627072>,2025-05-07 22:42:59,0,False,True,"wesleydsg,daniilago,elverton,carrocho",,88
1369836030500274177,carrocho,<@367477860220272651> volta ae,2025-05-07 21:39:19,0,False,True,elverton,,30
1369836010267213974,carrocho,kkkkkkkkkkkkkkkk,2025-05-07 21:39:15,0,False,False,,,16
1369833538198831285,carrocho,<@349347400755707904>,2025-05-07 21:29:25,0,False,True,bolinouli,,21
1369833502908092476,haniel.,[IMAGEM: image.png],2025-05-07 21:29:17,0,True,False,,,0
1369827174458196120,wesleydsg,<@395698445924433931> <@1225618468754165846>,2025-05-07 21:04:08,0,False,True,"daniilago,carrocho",,44
1369825974878732288,wesleydsg,online-fix.me,2025-05-07 20:59:22,0,False,False,,,13
1369824106907832462,elverton,blz. Vou instalar aqui,2025-05-07 20:51:57,0,False,False,,,22
1369822523881164913,wesleydsg,"e talvez o antivirus coma algum tbm, tem q mandar ele guspir de volta",2025-05-07 20:45:39,0,False,False,,,69
1369822425679925249,wesleydsg,ta aqui os arquivos para substituir,2025-05-07 20:45:16,0,False,False,,,35
1369822422727004342,wesleydsg,,2025-05-07 20:45:15,0,False,False,,1.3607766045354885e+18,0
1369822302270787635,wesleydsg,tem q substituir alguns arquivos q o <@1225618468754165846>  sabe legal,2025-05-07 20:44:46,0,False,True,carrocho,,71
1369822207001362442,wesleydsg,ai dps q baixa ele,2025-05-07 20:44:24,0,False,False,,,18
1369822191998210118,wesleydsg,é esse arquivo aqui,2025-05-07 20:44:20,0,False,True,carrocho,1.367633853027713e+18,19
1369821925185945610,wesleydsg,acho q é a msm versao,2025-05-07 20:43:17,0,False,False,,,21
1369821882458701824,wesleydsg,o nosso repo tem no servidor pra baixar,2025-05-07 20:43:06,0,False,False,,,39
1369820824474878123,elverton,É o que vocês certo? 🙂,2025-05-07 20:38:54,0,False,False,,,22
1369820777746137209,elverton,Vou instalar aqui a versão russa,2025-05-07 20:38:43,0,False,True,daniilago,1.3698185529614666e+18,32
1369818552961466521,daniilago,anima repo <@367477860220272651> ?,2025-05-07 20:29:53,0,False,True,elverton,,34
1369814895305953291,pdrohd,👀,2025-05-07 20:15:20,0,False,False,,,1
1369800949522104364,elverton,"pessoal, se vocês forem jogar um lol (ou outro game) lá pelas 21h, me chamem ai 🙂",2025-05-07 19:19:56,1,False,False,,,81
1368405104126070895,wesleydsg,oq q chega?,2025-05-03 22:53:20,0,False,False,,,11
1368405074430136420,carrocho,chega mais,2025-05-03 22:53:13,0,False,False,,,10
1368405039676260402,wesleydsg,fala cmg,2025-05-03 22:53:05,0,False,False,,,8
1368405033263300638,wesleydsg,eu,2025-05-03 22:53:03,0,False,False,,,2
1368404987532677201,carrocho,<@319269827690627072>,2025-05-03 22:52:52,0,False,True,wesleydsg,,21
1368393238985052230,zeroplank,642235,2025-05-03 22:06:11,0,False,False,,,6
1367978220766363680,bolinouli,https://canary.discord.com/channels/1314008373230047242/1314010045486206997/1360776604535488612,2025-05-02 18:37:03,0,False,False,,,95
1367977860341432501,bolinouli,tem os arquivos pra substituir,2025-05-02 18:35:37,0,False,True,carrocho,1.367633853027713e+18,30
1367967742694654034,wesleydsg,mas tem q ter dnv,2025-05-02 17:55:25,0,False,False,,,17
1367966944677990440,wesleydsg,tava mds,2025-05-02 17:52:15,0,False,False,,,8
1367646265231544330,carrocho,os caras queriam mt ganhar,2025-05-01 20:37:59,0,False,False,,,26
1367646244541038663,carrocho,pior q tava dificil esse game msm,2025-05-01 20:37:54,0,False,True,elverton,1.3676341969019249e+18,33
1367639800240275506,bolinouli,faz parte <:chad:1336866684048511006>,2025-05-01 20:12:17,0,False,False,,,37
1367634196901924986,elverton,tomei espanco e fiz o Weslei e Eduardo perderem 😂,2025-05-01 19:50:01,0,False,False,,,49
1367633853027713095,carrocho,,2025-05-01 19:48:39,0,False,False,,1.3622081593174917e+18,0
1367633768050856068,carrocho,repo,2025-05-01 19:48:19,0,False,False,,,4
1367618283099918466,bolinouli,:0,2025-05-01 18:46:47,0,False,True,pdrohd,1.3676180770801623e+18,2
1367618187448811551,pdrohd,<:joia:1336864686225887283>,2025-05-01 18:46:25,0,False,True,wesleydsg,1.3676181066877542e+18,27
1367618106687754280,wesleydsg,aham,2025-05-01 18:46:05,0,False,True,pdrohd,1.3676180496032768e+18,4
1367618077080162314,pdrohd,chegando em bh,2025-05-01 18:45:58,0,False,True,bolinouli,1.3676179940411965e+18,14
1367618049603276851,pdrohd,isso é nome de servidor do club penguin?,2025-05-01 18:45:52,0,False,True,wesleydsg,1.367617919693095e+18,40
1367617994041196575,bolinouli,onde vc ta,2025-05-01 18:45:38,0,False,True,pdrohd,1.3676173575680164e+18,10
1367617919693094933,wesleydsg,gelinhosg#br1,2025-05-01 18:45:21,0,False,False,,,13
1367617407098556477,pdrohd,<:nooooo:1336853172228194344>,2025-05-01 18:43:18,0,False,False,,,29
1367617357568016465,pdrohd,1:30 em congestionamento,2025-05-01 18:43:07,0,False,False,,,24
1367617322520416379,pdrohd,eu preciso de ajudaa,2025-05-01 18:42:58,0,False,False,,,20
1367617273929666636,pdrohd,que call épica,2025-05-01 18:42:47,0,False,False,,,14
1367617004030394448,bolinouli,https://tenor.com/view/mewing-cat-gif-16095083183741136419,2025-05-01 18:41:42,0,False,False,,,58
1367616907137777724,bolinouli,<:shh:1336864713295925309>,2025-05-01 18:41:19,0,False,True,wesleydsg,1.367616823217881e+18,26
1367616832864911361,bolinouli,<:moido:1336853094499094619>,2025-05-01 18:41:02,0,False,False,,,28
1367616823217881140,wesleydsg,basta baixar ne,2025-05-01 18:40:59,0,False,False,,,15
1367616761444307054,bolinouli,eu vou no cyberpunk agr,2025-05-01 18:40:45,0,False,False,,,23
1367616646885146715,bolinouli,n tenho lol mais,2025-05-01 18:40:17,0,False,True,wesleydsg,1.3676144843316306e+18,16
1367616498952048662,bolinouli,"eu habilitei no meu e melhorou bastante, agr ele roda liso mesmo quando o opera ta aberto com 50 abas",2025-05-01 18:39:42,0,False,False,,,101
1367616326582931666,bolinouli,tem um feature experimental novo q ele usa menos da ram e mais da vram,2025-05-01 18:39:01,0,False,False,,,70
1367616120697389107,bolinouli,"tem isso tb, o marvel rivals ta muito pesado",2025-05-01 18:38:12,0,False,True,wesleydsg,1.367610450895962e+18,44
1367616029479403531,bolinouli,eu costumo usar tabletop simulator p jogo de tabuleiro,2025-05-01 18:37:50,0,False,False,,,54
1367615969349992540,bolinouli,"esse eu n conhecia, parece legal",2025-05-01 18:37:36,0,False,True,elverton,1.3676038212782697e+18,32
1367615810071171172,bolinouli,"e ainda mais q marvel rivals é shooter, se vc n tiver acostumado com algum outro shooter demora mais ainda pra acostumar",2025-05-01 18:36:58,0,False,False,,,120
1367615701141159966,bolinouli,"ss, muito jogo novo de uma vez n da certo",2025-05-01 18:36:32,0,False,True,elverton,1.3676033948812577e+18,41
1367614892688805938,wesleydsg,dmr,2025-05-01 18:33:19,0,False,False,,,3
1367614884405182494,wesleydsg,mr,2025-05-01 18:33:17,0,False,False,,,2
1367614852528476201,elverton,2 minutos e já entro,2025-05-01 18:33:09,0,False,True,wesleydsg,1.367614409849049e+18,20
1367614828516216903,wesleydsg,bora bora,2025-05-01 18:33:04,0,False,True,elverton,1.3676126862543421e+18,9
1367614491390509095,wesleydsg,?,2025-05-01 18:31:43,0,False,False,,,1
1367614484331630603,wesleydsg,o lau,2025-05-01 18:31:42,0,False,False,,,5
1367614479591800853,wesleydsg,algum de vcs quer jogar tbm,2025-05-01 18:31:40,0,False,False,,,27
1367614460742733874,wesleydsg,<@395698445924433931> <@349347400755707904> <@511035199816204288> kd,2025-05-01 18:31:36,0,False,True,"bolinouli,zeroplank,daniilago",,68
1367614409849049118,wesleydsg,bora ent,2025-05-01 18:31:24,0,False,False,,,8
1367614301635874858,carrocho,"tenho o diablo 3 só, mt bom",2025-05-01 18:30:58,0,False,True,elverton,1.3676041150599048e+18,27
1367614220958568489,wesleydsg,KKKKKKK,2025-05-01 18:30:39,0,False,False,,,7
1367613313059389490,elverton,"outros tempos, outros jogos  haha ... estou ficando velho 😂  ...",2025-05-01 18:27:02,0,False,True,wesleydsg,1.3676105857299948e+18,64
1367612686254342224,elverton,"estou com um tempo por aqui ainda, caso animar jogar uma partida de lol 🙂",2025-05-01 18:24:33,0,False,True,wesleydsg,1.3676101672852562e+18,73
1367611918860161034,wesleydsg,Chama gunfire reborn,2025-05-01 18:21:30,0,False,False,,,20
1367611869824679966,wesleydsg,"Tem um rogue like fps tbm q é daora, dá pra 4 pessoas",2025-05-01 18:21:18,0,False,False,,,53
1367610622925078538,wesleydsg,Talvez o Eduardo saiba,2025-05-01 18:16:21,0,False,False,,,22
1367610585729994814,wesleydsg,Esses eu nunca joguei tbm n,2025-05-01 18:16:12,0,False,True,elverton,1.3676041150599048e+18,27
1367610539315957822,wesleydsg,Nunca vi,2025-05-01 18:16:01,0,False,True,elverton,1.3676038212782697e+18,8
1367610465857048598,wesleydsg,🫠,2025-05-01 18:15:44,0,False,False,,,1
1367610450895962153,wesleydsg,"Simmm, o Marvel rivals nem roda no meu PC pq precisa de 16 de ram",2025-05-01 18:15:40,0,False,True,elverton,1.3676033948812577e+18,65
1367610266413437062,wesleydsg,KKKKKK,2025-05-01 18:14:56,0,False,False,,,6
1367610258452643850,wesleydsg,Eu lembro q quando eu era menor e comecei a jogar eu tinha trauma de uns bonecos pq era impossível,2025-05-01 18:14:54,0,False,False,,,98
1367610174088413317,wesleydsg,Bom dms,2025-05-01 18:14:34,0,False,False,,,7
1367610167285256315,wesleydsg,OO,2025-05-01 18:14:32,0,False,True,elverton,1.3676031873343857e+18,2
1367604115059904673,elverton,diablo? warcraft?,2025-05-01 17:50:29,0,False,True,wesleydsg,1.3675433908911475e+18,17
1367603821278269632,elverton,de vez em quando jogo uns jogos de tabuleiro online tipo Lords of Waterdeep e Terraforming  no boardgamearena (https://boardgamearena.com/),2025-05-01 17:49:19,0,False,False,,,139
1367603394881257612,elverton,ouvi falar do marvel rivals. Difícil é tempo para aprender múltiplos jogos 🙂,2025-05-01 17:47:38,0,False,False,,,76
1367603187334385714,elverton,segunda partida com bot 🙂,2025-05-01 17:46:48,0,True,False,,,25
1367543497653223556,wesleydsg,minecraft periodo passado,2025-05-01 13:49:37,0,False,False,,,25
1367543422365466624,wesleydsg,teve R.E.P.O,2025-05-01 13:49:19,0,False,False,,,12
1367543390891147428,wesleydsg,de vez em quando a gente jogar algum jogo piratex tbm,2025-05-01 13:49:12,0,False,True,elverton,1.3673040473543148e+18,53
1367500206085771427,pdrohd,<:discorfort:1336853197565857914>,2025-05-01 10:57:36,0,False,False,,,33
1367500185055264863,pdrohd,r o c k e t  l e a g u e,2025-05-01 10:57:31,0,False,False,,,24
1367405104759570523,bolinouli,eu atualmente to jogando bastante marvel rivals e splitgate,2025-05-01 04:39:42,0,False,True,elverton,1.3673040473543148e+18,59
1367366833954619393,carrocho,mas tem o marvel rivals e overwatch tbm,2025-05-01 02:07:37,0,False,False,,,39
1367366637140967514,carrocho,de tudo um pouco,2025-05-01 02:06:50,0,False,True,elverton,1.3673040473543148e+18,16
1367304047354314785,elverton,vocês costumam jogar algum outro jogo?,2025-04-30 21:58:08,0,False,False,,,38
1367303938331639858,elverton,Hoje também não daria pra mim. Tenho que sair daqui a pouco. Dependendo amanhã rola. Vou aproveitar e instalar amanhã durante o dia,2025-04-30 21:57:42,0,False,False,,,131
1367303516367884348,wesleydsg,Amanhã de noite deve dar tbm,2025-04-30 21:56:01,0,False,False,,,28
1367303442258989077,wesleydsg,"Aaa, hj n dava pra mim, mas blz",2025-04-30 21:55:43,0,False,False,,,31
1367303354426064896,elverton,quarta a noite pra mim costuma ser um bom dia. Mas me chamem ai quando forem jogar,2025-04-30 21:55:22,0,False,False,,,82
1367303331323580448,wesleydsg,Tá mais q certo KKKKK,2025-04-30 21:55:17,0,False,True,elverton,1.3673026060280177e+18,21
1367302733933056103,elverton,vai virar coach então,2025-04-30 21:52:55,0,False,True,bolinouli,1.3672985137965957e+18,21
1367302606028017754,elverton,"esse é o meu conhecimento em lol -- pra ser sincero, nunca instalei 🙂",2025-04-30 21:52:24,0,False,True,wesleydsg,1.367297943610327e+18,69
1367302045232791685,pdrohd,não tem jeito,2025-04-30 21:50:10,0,False,False,,,13
1367302035048894597,pdrohd,kkkkk eu não encosto mas vou ter que spectar essa daí,2025-04-30 21:50:08,0,False,True,wesleydsg,1.3672978616368538e+18,53
1367299884176117791,carrocho,dps disso eu mal joguei kkkkkkkk,2025-04-30 21:41:35,0,False,False,,,32
1367299754119139329,wesleydsg,Cara tá escondendo jogo,2025-04-30 21:41:04,0,False,False,,,23
1367299721470808269,wesleydsg,"Mentira, ele jogou campeonato de lol da glitch",2025-04-30 21:40:56,0,False,False,,,46
1367299301642076376,carrocho,<@511035199816204288> vai animar tbm?,2025-04-30 21:39:16,0,False,True,zeroplank,,37
1367299254971793438,carrocho,"ta bom, eu sei só o basico",2025-04-30 21:39:05,0,False,True,wesleydsg,1.367299056522498e+18,26
1367299114944958555,wesleydsg,Só falta entrar pra igreja universal,2025-04-30 21:38:32,0,False,False,,,36
1367299056522498159,wesleydsg,Tô um bom tempo sem encostar no lol tbm 🙏,2025-04-30 21:38:18,0,False,False,,,41
1367298977346883644,wesleydsg,Sou nd,2025-04-30 21:37:59,0,False,True,bolinouli,1.3672985137965957e+18,6
1367298729152872650,carrocho,só pra avisar q nunca joguei dota tbm kkkkkk,2025-04-30 21:37:00,0,False,True,wesleydsg,1.367297943610327e+18,44
1367298647569469451,carrocho,realmente,2025-04-30 21:36:40,0,False,True,bolinouli,1.3672985137965957e+18,9
1367298513796595753,bolinouli,mas o wesley é profissional,2025-04-30 21:36:08,0,False,False,,,27
1367298483840745562,bolinouli,eu abandonei o lol faz muito tempo,2025-04-30 21:36:01,0,False,True,elverton,1.367288586172367e+18,34
1367298229938421831,carrocho,Animo qualquer dia tbm,2025-04-30 21:35:01,0,False,False,,,22
1367298057116454934,wesleydsg,Por mim pode ser qualquer dia da semana de noite,2025-04-30 21:34:19,0,False,False,,,48
